enhancer	status	Zelda_2011_seq	Caudal_2010_seq	Knirps_2010_seq	Giant_2013_seq	Hunchback_2013_seq	Bicoid_2013_seq	Kruppel_2013_seq	Dorsal_motif_FlyReg	Snail_motif_FlyReg	Twist_motif_FlyReg	Snail_2014_chip	Twist_2014_chip	H3K27ac_2015_seq	H3K4me1_2015_seq	Snail_2009_chip	Twist_2009_chip	Bicoid_2009_chip	Caudal_2009_chip	Dorsal_2009_chip	Giant_2009_chip	Hunchback_2009_chip	Hairy_2009_chip	Dorsal_motif_NBT	Dorsal_2015_seq	Snail_motif_Sanger	Snail_motif_solexa	H3K27ac_2010_seq	p300_2010_seq	Twist_2011_seq	Twist_motif_da	Dpse	Dana	Dere	Dgri	Dsec	Dsim	Dvir	Dwil	Dyak
Kvon2014_chr3R_12716036_12718170	on	553.2	21.34	5.32	0.509	1.7625	0	1.786	3711.71	0	0	6	6	0	0	0.7259988785	5.7677645684	0	3.3990535736	2.219648838	1.7626962662	3.6835465431	0.8233356476	0	143.835	0	0	1	1	157.414	1196.06	2611.18320332	2980.85440588	6606.59909026	915.76690506	7917.19442559	8165.48924749	577.932005835	1175.85996026	6654.3212057
Kvon2014_chr2R_7078363_7080511	on	2786	19.92	3.64	0	0	0	0	1196.03	0	0	6	6	0	296	3.0015258789	5.5785455703	3.7419977188	3.0365710258	2.7662172318	3.0869951248	1.6647224426	3.2618453503	0	501.725	0	0	1	1	78.61454	1320.65	1456.29309229	2250.98828697	5877.92208093	639.568402837	7537.86524255	7160.3747804	809.799069752	805.819366853	5838.09454248
Kvon2014_chr3R_12664710_12666865	on	649.9	17.75	0	1.331	2.2175	-0.119	2.278	0	1080.02	1234.45	6	5.397940009	0	0	0.8936424255	5.7827806473	0	3.2197580338	1.7717337608	2.9606294632	4.10028553	1.1119847298	1227.82	138.53	1165.21	1298.43	1	1	168.377	0	1800.95464906	3124.54462753	6859.16779601	569.514835984	8047.08101989	8027.89275188	711.133650929	630.331892259	6977.36000305
Kvon2014_chr3R_21019469_21021322	on	1602.9	21.52	5.32	0	0	0	0.293	0	1191.48	0	4.68	5	0	0	0.8975543976	3.462726593	2.5189933777	3.0720643997	1.8918676376	2.896648407	3.651881218	3.87114048	0	216.75057	0	0	0	1	64.9375	1283.27	1322.19055019	1637.37157593	6729.84083674	339.917384613	8015.93243918	8092.76542546	718.009514382	1079.13691075	6494.87068499
Kvon2014_chr2R_11417613_11419772	on	2514.2	10.98	0	0.565	2.834	0	0.733	1208.39	0	1209.53	6	1.788399771	508	261	0.7786021233	2.0960903168	0	1.8050765991	1.5716366768	1.7165541649	3.896206379	1.8703904152	0	168.17	0	1610.3	0	2	113.82965	0	1723.95791624	2441.5266141	7236.11554229	928.846566925	8136.65228721	8497.72479221	553.786734849	359.569484137	7112.75569704
Kvon2014_chr3R_19020878_19022997	on	641.9	10.48	4.29	1.101	2.3565	1.624	1.719	0	0	0	6	0.357772972	0	0	2.2928347588	3.0296721458	3.5673484802	1.7290315628	2.5065560341	2.2398104668	4.3562870026	0	0	135.955	0	1337.41	0	0	25.3201	0	1038.09988627	2975.82803839	6513.92367459	668.444701353	7553.49851812	7726.94649496	642.615034372	711.514122583	6167.55618501
Kvon2014_chr3R_17959570_17961726	on	284.3	11.47	3.24	0.511	0.69	0.848	1.015	0	0	0	6	6	248	251	0.8824272156	4.9255979061	1.5984025001	1.7844142914	3.1127920151	1.7166600227	3.3386545182	1.0510287285	0	132.37	2167.62	2934.71	1	0	96.7684	0	860.528756957	2622.62470966	6998.53734389	834.216424805	7900.70100419	7760.24228531	1016.59651583	502.587151202	6956.43285384
Kvon2014_chr2L_8844948_8847235	on	4855.1	16.44	3.42	1.074	2.2725	0	1.795	1616.35	0	0	6	6	0	374	3.0618629455	5.2753133774	0	3.5525808334	3.4308395386	2.2776889801	4.6953802109	2.518646717	1202.77	285.7	1365.57	1857.2	1	1	218.6293	1345.57	1606.69386449	3522.46514575	6763.14283563	871.872700751	8232.40361767	8360.60390483	1059.02598436	1047.78224721	7069.26392843
Kvon2014_chr3R_17469856_17471988	on	2262.5	0	0	0	0	0	0	3958.96	1278.17	0	5.7	6	618	367	1.0136666298	5.6209220886	2.2442359924	2.2197947502	3.244907856	2.8343997002	2.6196928024	4.4641942978	0	165.695	952.33	1376.4	0	1	49.8725	0	1738.12139368	2622.10626925	6152.7892145	638.433955526	7484.4263215	7453.04693527	439.803723481	504.841132806	6281.43293189
Kvon2014_chr2R_2499708_2501858	on	1743.7	12.93	0	0.354	1.8245	-0.901	0.19	2503.33	0	1234.45	6	3.087246696	556	353	0.7278368473	3.9102649689	0	1.7706458569	2.7138414383	1.9455704689	3.998112917	2.4241080284	0	192.78	0	0	2	1	0	0	1291.88683565	2404.75657478	6129.73778563	400.027662799	8294.75703325	8335.65333333	432.292622825	611.043527628	5942.05501336
Kvon2014_chr2L_8831294_8833463	on	2815.7	16.67	3.89	1.539	2.17	1.618	1.899	1492.73	0	1209.53	6	4.602059991	0	458	4.7272529602	3.4095835686	3.1266770363	2.7547359467	2.1140265465	2.7526283264	2.5482091904	0.8240828514	1616.01	362.75	0	1233.45	1	1	87.2609	0	2264.09094445	4221.41796585	7095.84809788	772.755835596	8232.40361767	8369.44116954	723.559637944	883.372784809	7069.26392843
Kvon2014_chr2L_12615601_12617849	on	1508.6	25.16	7.81	0.446	1.2805	0	1.141	2392.06	0	1533.58	5.1	1.22933205	0	0	0	5.5045561791	0	3.7118544579	2.4560499191	2.4693932533	3.6302905082	1.0096135139	0	118.295	1152.69	1467.36	2	0	18.6384	0	1956.93987946	2917.64009702	5910.51540832	633.871499648	7964.79739928	8009.63562753	920.702162606	787.369971705	6682.18322365
Kvon2014_chr3R_2680992_2683269	on	429.1	24.09	11.89	0	0	0	0	0	0	1221.99	5.7	5.22184875	0	0	0.6855511665	4.125005722	0.7215528488	3.4730556011	2.2295656204	3.5667574406	5.9127662182	3.1807017326	0	150.08	0	1324.42	0	1	0	0	2241.89812619	3106.63648304	5825.95548089	1427.88352833	7701.66592484	7676.42664123	1531.47627381	996.53888939	6489.56021145
Kvon2014_chr2L_8843345_8845442	on	177.3	16.44	0	0.822	0	0	1.795	4094.95	0	0	5.52	4.013228266	0	0	1.9547204971	5.2753133774	0	3.5525808334	3.4308395386	0	4.6953802109	0	1202.77	131.67	1014.94	1389.39	1	0	24.0504	0	2116.35205418	3522.46514575	6763.14283563	1044.13661553	8232.40361767	8360.60390483	1016.43445689	1125.99312823	7069.26392843
Kvon2014_chr3R_6443064_6445159	on	4320.8	15.43	0	0.613	1.6045	1.924	1.016	1183.67	0	1271.84	6	6	296	373	3.4995317459	4.9733672142	2.5719466209	2.8361639977	3.3907465935	2.3395709991	2.9669451714	3.0644860267	0	374.78	0	0	1	2	126.4413	1370.49	1664.67159124	1615.71690016	6980.29579432	191.454320302	7905.17461318	7273.68581036	564.57696102	424.111305368	6572.83122496
Kvon2014_chr2L_12614109_12616353	on	1675	21.48	7.81	0.326	3.086	0	1.961	1183.67	0	1533.58	5.1	3.645891561	0	0	0	3.4804253579	0	3.7118544579	2.4560499191	2.4693932533	3.6302905082	1.0096135139	0	118.295	0	0	2	0	18.6384	0	2086.45435244	3186.55685441	6305.00895456	770.651631213	7964.79739928	8009.63562753	664.661319073	974.06607679	6682.18322365
Kvon2014_chrX_16113737_16115852	on	2235.7	15.86	6.03	2.138	0	0	2.147	1332.02	0	0	6	6	0	228	1.0281238556	2.2990689278	0	3.04845047	2.0695800781	3.7098698616	0.6422967911	2.3856754303	0	91.665	0	0	0	1	48.7865	0	1041.52692597	865.700092767	5227.16668625	384.440160053	7615.32674703	7449.77458674	521.622359491	686.120449349	5319.64746891
Kvon2014_chr2R_18937404_18939496	on	176.2	8.54	0	0	1.1515	0	0	2750.57	1129.55	1271.84	6	8.485186705	0	0	0	6.7797689437	0	2.1424751282	2.6341147423	0	2.4002923966	2.1560268402	0	147.735	0	0	1	1	380.383	1681.96	2795.17726574	2841.54542515	6890.81208621	444.772128689	7979.22677194	8044.35446489	614.943740165	865.301828568	5987.93655211
Kvon2014_chrX_3032372_3034558	on	1780.3	21.48	0	1.167	1.612	0	0.281	3835.33	0	1209.53	10.57	8.894489815	456	189	0.7456531525	4.9536857605	0	2.0163450241	3.4240677357	4.0865867138	2.5712070465	1.8702368737	1215.3	183.62	0	0	0	1	0	0	851.555352242	1598.50527673	5985.68618434	564.638609332	6804.88505747	6809.53879753	476.279850324	389.707227813	5905.62898962
Kvon2014_chrX_2331140_2333271	on	650.5	8.95	6.75	1.272	0.7695	2.034	0.849	0	0	1271.84	7.82	6	0	0	0	5.1323604584	5.2873625755	1.4615149498	2.7808156013	3.3059453964	2.7569015026	4.4788122177	1127.64	137.695	0	0	0	1	186.4677	1345.57	2147.44839575	1725.26953114	6135.87644619	1177.09995307	8395.2098671	8406.50907165	1640.06776661	914.577614323	6273.96027312
Kvon2014_chr3R_2629821_2631916	on	605.8	5.75	0	0	0	0	0	2416.78	0	0	6	0	0	0	0.7554774284	2.5872068405	2.6185593605	0	1.4956409931	0	2.0589346886	3.5088484287	0	402.925	864.67	0	0	1	41.9076	0	1962.40848432	3218.82102125	6453.08958236	780.255764242	6658.37411637	6927.12582781	991.155852275	675.710539497	5966.10382122
Kvon2014_chr3R_15160880_15162972	on	354.1	0	0	0	0	0	0	0	0	0	1.1	2.115487841	0	321	0.711628437	4.659234047	0	3.3222904205	1.1607356071	2.0480952263	2.2076134682	2.0409135819	0	138.745	0	0	0	0	64.0064	0	2320.11011326	3890.13688161	5752.440751	943.383090699	7780.49385633	7631.46296674	944.186583811	814.067870405	6184.23657825
Kvon2014_chr3R_18352267_18354359	on	699.1	4.98	0	0	0	0	0	0	0	0	6	1.601070927	646	376	0.8702735901	4.1659326554	0	0	1.9099597931	0	0	2.3338050842	1140.16	107.225	0	1285.43	1	0	17.238	0	1578.63288719	2540.61629715	7109.73723444	767.778452851	8069.9731842	6821.40819598	1056.0707457	1263.9993822	7036.32236508
Kvon2014_chr2R_7086913_7089020	on	536	14.13	6.96	0	0	0	0	3946.6	0	0	6	6	527	296	1.0837106705	6.2459635735	2.8835783005	2.4127883911	3.3646707535	3.1021499634	2.8913526535	4.0077171326	1252.86	235.785	0	0	1	1	502.873	0	1555.33136436	2216.68471614	6027.88081484	548.842824317	7537.86524255	7811.6569942	349.724800873	718.446102403	5838.09454248
Kvon2014_chrX_2324883_2326982	on	1619	21.66	5.01	1.72	2.77	1.32	1.989	0	1129.55	0	12	5.301029996	0	235	0.8356723785	4.258111	2.68227911	3.85602808	2.7808156013	3.6068725586	7.4506683349	0.6907844543	0	113.75	0	1298.43	1	1	77.5599	0	1874.76348606	1727.49478252	6120.7398568	559.066476689	8395.2098671	8406.50907165	789.173516779	741.48152373	6273.96027312
Kvon2014_chr3R_12747382_12749489	on	1407.3	23.85	10.53	2.5	1.0815	1.361	2.322	0	0	0	6	6	0	236	0	7.0884838105	1.2375211716	4.6415529251	2.8723058701	3.5898003578	2.1090216636	4.4110269546	0	158.595	0	1337.41	0	0	45.809	0	1343.21526335	2766.67988943	6334.14672825	664.907336044	7310.44992202	7215.79353027	798.700148393	713.267720709	6515.78624776
Kvon2014_chr2L_598791_601002	on	458.2	5.29	4.4	0	0	0	0	2503.33	1166.71	1184.6	5.3	0.393664862	0	0	0	3.1159052848	3.5880241394	0	3.0976800918	0	2.2326617241	0	0	105.99	1252.86	1363.4	0	0	0	0	1509.44701157	2458.61668602	7189.35757184	688.119842382	8018.86213771	8201.55320956	845.78205829	746.117895372	7184.14985591
Kvon2014_chr3L_14177506_14179749	on	335.8	19.54	0	0	0	0	0.113	1208.39	1141.94	0	4.85	2.0910327	0	0	0.7289013863	0.9930400848	0	3.356995821	1.4673576355	2.1687192917	0.8965501785	0	0	144.305	0	1246.45	0	1	0	0	3204.7723272	3828.32491595	6450.38122356	1205.43628924	8152.92022792	8158.65348041	786.103238273	916.145627994	6055.47294506
Kvon2014_chr2R_16485203_16487344	on	358.7	12.6	0	1.132	0.0425	1.717	-0.781	0	0	0	0.36	7.422289959	622	254	0	6.5018615723	3.3122763634	0	2.4880590439	0	0.8782548904	1.5548920631	0	131.28	1014.94	1389.39	1	1	0	0	1808.49653709	2510.73751454	6345.23338229	706.417941833	7654.03994186	8076.67886796	804.250350304	871.196243312	5991.03337577
Kvon2014_chrX_8546539_8548888	on	3237.3	15.86	5.01	1.219	2.162	1.768	2.537	1183.67	0	0	6	5.522878745	0	244	3.3306851387	2.3496284485	3.7210998535	3.0885772705	3.367351532	2.8837380409	4.0987479687	6.3478355408	0	378.845	0	0	0	1	46.3879	0	1237.23764703	2007.67254653	6035.78555616	545.729536032	7122.632865	4979.00343371	879.948914432	860.570097646	5743.66093592
Kvon2014_chr3R_9705174_9707299	on	980	7.86	4.29	1.734	0.1615	2.186	1.625	1196.03	0	0	6	5.096910013	0	0	0.8382024765	4.2154941559	4.1405315399	0	2.9798336029	2.6483821869	0	2.6922798157	0	124.605	0	0	0	0	115.19656	1146.22	2760.38786313	2936.21195607	6901.50734446	1433.46318841	8134.71717242	8234.65903915	1358.08736542	1753.72279834	6871.32458867
Kvon2014_chr3R_10505242_10507354	on	2563.5	16.4	4.14	1.387	1.599	1.184	1.962	2589.86	0	0	6	6	0	299	5.1229362488	8.2922449112	2.9111366272	3.1940975189	2.4311962128	2.3533468246	2.2701301575	2.9052731991	0	307.04	0	1454.36	0	1	185.198	1457.7	1152.98372165	1163.11035156	5888.13935938	-212.921723717	7445.89068826	7571.21172919	45.737158625	311.068202974	6368.35791653
Kvon2014_chr2L_12088676_12090844	on	764.3	27.26	0	0.735	1.6205	1.926	0.86	0	1228.63	0	5.7	0	0	0	0.8314685822	4.1775231361	2.4351081848	3.1817517281	3.1831431389	2.3976783752	3.8928198814	2.1964769364	1240.34	147.69	2180.14	2713.81	0	1	64.48876	1121.31	2384.16405509	3157.5518551	6083.07684255	1123.01660517	8215.69985723	8390.20720976	1076.42320445	629.431092218	6169.93224811
Kvon2014_chr2R_18935617_18937915	on	176.2	8.54	0	0	1.1515	0	0	2762.93	0	2593.54	6.73	6	0	0	0	6.7797689437	0	2.1424751282	2.6341147423	0	2.4002923966	2.1560268402	0	147.735	1177.73	1454.36	2	1	354.366	0	2476.45238914	3713.48166961	6890.81208621	950.887479256	7979.22677194	8044.35446489	996.83069779	944.253260632	6451.69724153
Kvon2014_chrX_18197231_18199428	on	3103.4	22.09	5.01	0	0	1.869	0	0	1179.09	0	6	6	0	311	3.09927845	4.3299388886	5.0378160477	3.3110532761	3.8295574188	2.3413133621	3.4141511917	2.6753296852	1302.95	251.645	0	2622.84	1	1	48.6419	0	1385.23050749	898.289915248	5556.06278426	762.326693406	7776.68361361	7782.66985646	919.344560765	403.777878926	5815.00114225
Kvon2014_chrX_4945256_4947456	on	2217.3	5.66	0	0	1.7385	0.743	-0.044	0	0	1221.99	6	0	0	225	0.8330345154	1.4684314727	0	0	2.7816576958	0	2.6704931259	0.9319667816	1165.21	106.66	0	1389.39	0	0	0	1245.9	1444.33289729	2382.65773935	6551.66933955	559.699566271	7564.7708099	5030.24115091	503.250911606	-3.347294746	6708.73698212
Kvon2014_chr3R_21471304_21473433	on	1160.8	8.96	0	0	1.892	0	0.275	1393.83	1080.02	0	5.52	1.488343868	649	435	0	2.4090437889	1.0539188385	1.7782936096	1.8745059967	0	5.4619441032	2.6543684006	0	330.385	0	0	0	3	98.5965	0	1563.92269148	2357.7905155	6969.3157495	856.63146052	8089.07710878	8359.61217203	832.175778887	958.977603287	6789.90233144
Kvon2014_chr3R_6422000_6424236	on	923.9	29.16	0	0.646	-0.1915	-0.69	1.173	2429.15	1067.63	0	6	4.657577319	725	356	0	6.3534965516	0	3.1060128212	2.484609127	1.7273874283	0	0	2380.51	242.045	0	0	0	0	6.16306	0	1967.14592282	2275.45896874	6980.29579432	481.475730205	8502.09401038	8552.40510561	449.908461158	649.290165665	7210.08419563
Kvon2014_chr2L_14440355_14442469	on	94.4	35.99	8.79	0	0	0	0	0	1092.4	1209.53	6	5.195102067	0	0	0	6.8201596737	0	3.9734358788	2.2492833138	3.1967859268	1.3427553177	4.3859033584	0	115.48	1077.55	1246.45	1	0	118.27766	0	2381.45445974	3694.53885005	6073.23138133	1323.91588544	8134.32389366	8125.20999197	1291.0701244	1227.00544451	6862.02568947
Kvon2014_chr3R_24414156_24416299	on	390.2	16.94	4.02	1.121	0	0	1.203	1505.09	0	0	0	2.863279433	0	0	0	3.8177924156	0	3.2108402252	3.5225510597	0	0	3.1165549755	0	122.4	0	0	0	0	67.5782	0	2752.83077886	3918.43239297	7250.10213659	1666.04477083	8348.74561537	8522.98254319	1491.07313401	1324.70202161	7189.80342442
Kvon2014_chr3L_14164856_14166985	on	1501.1	23.95	7.06	1.293	3.4305	2.409	2.375	1406.19	1067.63	0	5.52	6	0	0	0.8343276978	4.2466835975	5.2469120026	3.6351728439	2.0992627144	2.3399295807	6.5580139161	0	0	323.53	0	0	1	1	7.81176	0	2858.18514644	2957.59619542	6673.72329487	671.59071911	8105.14013859	8158.65348041	994.779855133	1254.68667909	6309.5229523
Kvon2014_chr3L_8656203_8658330	on	676.8	18.43	14.59	0.97	3.377	0	3.085	2367.34	0	1284.31	6	3.438898616	0	0	0	3.9372649193	0	3.1282205582	2.4221596718	3.2048916817	6.4459457397	3.9445223808	0	107.295	0	1220.46	1	0	0	1457.7	2054.22065131	3094.16946309	6566.23641502	1190.19917186	7874.20953593	8276.56233807	1522.7860204	1215.91024774	6390.85670278
Kvon2014_chr3L_542461_544728	on	271.8	6.68	0	0	0.2425	0	0	4107.32	0	3753.21	1.28	2.668370282	389	193	0	2.1973257065	0	2.295996666	2.6156864166	2.2624211311	0.8517799377	1.0013260841	1616.01	143.66	852.15	1662.28	1	0	0	0	1657.33609496	1778.1478586	6448.96493584	934.876262012	7993.93988244	6913.98476064	1141.35738134	1070.39994179	6693.7705517
Kvon2014_chrX_3673654_3676071	on	111	15.01	0	-1.391	1.3025	0	0	1183.67	0	0	0	4.638272164	374	345	0	4.8009109498	0	0	2.8797240257	0	2.680560112	2.237200737	0	163.435	0	1220.46	1	2	176.6976	0	1438.82882761	3657.46859672	7279.12774219	779.820726411	8953.97308564	8921.91627846	796.026649796	1232.83982971	7300.85182029
Kvon2014_chrX_20582460_20584635	on	1219.7	10.72	0	0.29	1.2025	0	2.082	3860.07	0	0	6	0.754650223	0	0	1.1826975346	0.7935585976	0	1.6677222252	1.3213429451	0	2.3949594497	0.8047995567	0	172.88	2130.06	2531.88	0	0	0	0	1683.55373728	1614.58575327	6215.4621735	915.147147434	7801.62880645	7735.74638043	877.706637875	720.13903228	5873.84786148
Kvon2014_chr3R_21852100_21854692	on	148.7	6.21	2.94	0.722	0	0	0	1406.19	1104.78	2655.85	6	5.397940009	0	309	3.9385390282	4.6314110756	0	0	3.3693890572	2.0954093933	2.0383663177	1.7648811341	1302.95	209.86	902.24	0	2	0	267.0116	1158.68	3076.05078212	3736.32394881	7305.05499497	1248.9538048	8280.75822604	8269.64029862	1064.07502904	797.859789071	7198.56736128
Kvon2014_chr2R_16483505_16485613	on	166.5	0	0	0.608	0	1.717	-0.781	2849.47	0	0	0.58	0	0	254	0	6.5018615723	3.3122763634	0	2.4880590439	0	0.8782548904	0	1227.82	131.28	0	1272.44	1	1	0	0	2194.49757657	2695.19138062	6345.23338229	529.90038616	7654.03994186	8076.67886796	187.374259848	704.270696452	5991.03337577
Kvon2014_chr2R_21108595_21110685	on	2441	9.09	4.49	1.254	4.4085	2.49	0.929	2441.52	1253.4	1284.31	6	2.177505015	0	293	1.0676422119	2.8325824738	5.3699207306	3.1689620018	2.6296253204	3.2632937431	8.0693802833	2.2767724991	1177.73	141.385	0	0	1	1	0	0	2306.37133341	2298.36029142	5545.90838304	1077.81770483	7304.91594373	7819.44574187	1195.380656	978.759026925	5980.67371061
Kvon2014_chr3R_10863765_10866026	on	0	0	0	0	0	0	0	2713.49	0	1446.33	6	3.860120914	0	0	0	4.8740820885	0	0	0.6254749298	0	0	0	1165.21	137.815	0	0	0	0	0	0	1847.10106842	2839.01692555	6664.02936841	928.108835614	7783.90472472	7584.32929663	1333.07174542	1197.39619541	6464.99869826
Kvon2014_chr3R_12717726_12719854	on	553.2	21.34	5.32	0.509	1.7625	0	1.786	5080.82	0	2643.39	6	9.080921908	0	0	0.7259988785	5.7677645684	0	3.3990535736	2.219648838	1.7626962662	3.6835465431	0.8233356476	1415.66	143.835	0	0	1	1	213.7654	2591.47	1549.36718066	2491.18804574	6606.59909026	237.701899578	7917.19442559	7754.91248552	335.131610843	377.531544661	6654.3212057
Kvon2014_chr3R_15166068_15168266	on	1141.3	11.63	5.76	0.052	1.2215	0.437	1.211	2651.67	1228.63	0	6	11.698970004	506	256	4.9477190971	6.4155874252	0.8041667938	2.0665414333	2.0305490494	3.5779008865	2.6398582459	3.3531565666	1277.91	200.595	0	1376.4	0	2	462.768	0	1647.78989422	3757.23728814	5752.440751	779.638456908	7780.49385633	7631.46296674	341.526935985	148.649424865	6039.57417009
Kvon2014_chrX_476757_478944	on	308.3	7.98	3.79	1.247	1.46	1.18	0.53	5241.53	0	1296.77	6	0.63344444	0	0	4.6145443917	9.0043721199	2.0105030537	1.7905106544	3.2515902519	2.4302349091	2.8563499451	1.0048112869	1578.45	264.005	1127.64	2570.87	0	0	103.5576	0	1960.49791406	1286.09843733	6119.38110749	1374.32889703	8058.14830939	8201.14658828	1613.4998287	899.758959913	5575.75897127
Kvon2014_chr3R_17466334_17468421	on	4698.5	18.69	4.29	1.387	0	0.494	0.59	1282.57	0	0	8.99	8.316592701	618	367	0.7623090744	5.6209220886	0	2.1948308945	3.244907856	2.172180891	2.9821918011	2.5807929039	0	599.335	0	0	0	1	68.87422	2666.22	1172.45119782	2164.46268713	6152.7892145	490.081456636	7484.4263215	7681.95634359	565.905677101	452.180162913	5660.49982645
Kvon2014_chr2L_2163674_2165773	on	6923.7	18.44	5.13	2.039	0.6575	1.196	1.486	1406.19	0	1284.31	6	6	699	338	3.7351970672	6.0327634811	2.8209075928	2.7628779411	2.9729599953	2.479309082	2.3028867244	2.8816742897	0	189.065	0	0	0	2	347.032	0	1384.71663273	2251.84627458	7136.4353119	716.826368931	8428.96064581	8515.1222821	692.521111333	472.964515405	7444.72975654
Kvon2014_chr3L_5613364_5615475	on	2994.3	16.44	4.63	1.746	1.5975	1.498	2.342	0	0	2606.01	6	6	0	382	3.0845630169	4.8273797035	2.5309896469	3.144695282	2.2477264404	3.9073810577	3.8262281418	1.0612945557	0	430.815	1140.16	1402.39	1	1	0	1233.44	3280.9080262	3779.64939881	6800.34901287	837.673831872	7868.9885466	3823.80006044	772.805600431	280.340734916	6246.35025063
Kvon2014_chr2L_8839795_8842046	on	5177.8	26.27	4.96	1.205	2.1105	1.003	1.856	0	0	0	6	6	491	267	5.0142145157	5.9451971054	2.2607588768	2.8272533417	3.4308395386	2.3756914139	4.1619017124	1.5043067932	1553.4	294.35	0	1298.43	2	1	170.974	0	2371.87993681	3634.26966292	7095.84809788	1567.43344525	8232.40361767	8362.45669801	1582.69399191	1329.80628824	7069.26392843
Kvon2014_chr2R_5861246_5863407	on	1134.3	19.14	12.78	2.57	2.5665	0	1.26	1183.67	0	0	9.13	8.48020767	0	327	0.6380410194	4.3737397194	0	3.5246582031	3.2372131348	3.5642366409	5.4760446549	2.4180436134	0	158.255	0	0	0	2	213.897	0	2964.88059991	3220.801165	6665.76848719	1352.63106884	7898.46008799	7840.73697586	1606.59050428	1637.63235975	6318.08324589
Kvon2014_chr2L_10388040_10390080	on	77.8	0	0	0	0	0	0	0	0	1172.13	1.86	2.631341288	438	0	0	1.930152893	0	1.6358880997	1.5542240143	0	0	0	0	146.41	877.19	1402.39	1	0	0	0	838.264585967	2576.34870115	6705.91189481	1465.07352941	8020.69974736	7989.08567633	474.31993091	98.1882655714	6297.36041828
Kvon2014_chr3R_26680055_26682153	on	690.4	7.64	4.05	1.693	1.274	1.753	1.105	1344.38	0	0	6	1.776504059	0	0	2.8363404274	7.6425657273	4.3503880501	0	1.9686861038	2.8635406494	2.2212619782	2.1147880554	0	173.585	977.37	1337.41	0	0	26.017	0	3081.07941006	3906.35148042	7014.21153746	1804.72943631	8013.05159257	8188.56832833	1564.49994121	1980.55253623	6799.33904966
Kvon2014_chr2R_11016930_11019079	on	5590.2	16.71	0	-0.001	0	0	0	0	0	0	12	10.055517328	510	352	1.8510532379	5.5072383881	0	2.3595495224	2.9716920853	0	3.4024443626	1.9356031417	0	469.175	0	0	0	2	207.2484	1146.22	1915.9380694	1632.12257881	7069.7574767	984.89479359	8284.30147473	8164.90374058	882.475586426	1050.75813427	6900.12366945
Kvon2014_chr3L_8661294_8663516	on	3514.8	30.74	5.56	2.325	4.0905	1.407	3.033	0	0	0	6	4.327902142	0	385	1.6254177094	4.8242516517	3.4099502563	3.8205370903	2.5983953476	3.2556886673	7.0631561279	2.7351660728	0	226.55	0	0	0	1	61.5249	0	1627.8381694	3094.16946309	6566.23641502	1213.26982256	7874.20953593	8276.56233807	1139.58820882	1749.74549629	6390.85670278
Kvon2014_chr3R_19169758_19171858	on	1360.9	25.2	4.18	0.409	2.677	1.119	0.841	1406.19	2482.04	1234.45	12	6.837489361	0	254	1.8592882157	6.2831635475	1.6059675217	1.877117157	2.6251630783	0	4.6019434928	3.507768631	0	118.765	1704.3	1272.44	2	1	73.7076	0	1059.62856009	1832.01984127	6808.66082871	405.003934148	7641.59382465	7864.28948062	381.943024936	393.72902426	6436.93421053
Kvon2014_chr2R_4537049_4539309	on	879.8	6.36	0	-1.882	0	0	0.283	0	1080.02	1221.99	3.64	5.522878745	377	683	0	4.3583269119	0	0	2.9271807671	0	0	3.5422234535	1302.95	191.82	0	0	0	1	194.5759	0	1698.00772912	2402.0638415	6225.2052378	645.884955752	7781.6059046	7770.73806078	692.24761779	702.522123894	6316.78860223
Kvon2014_chr3L_8657952_8660041	on	1433.6	18.43	14.59	2.897	2.8285	1.927	2.459	1183.67	1278.17	1284.31	6	4.698970004	0	0	0.7141165733	3.9372649193	3.7139849663	3.1282205582	2.0074028969	3.2048916817	6.4459457397	3.9445223808	0	107.295	0	0	0	1	86.1246	0	2133.61946891	3094.16946309	6566.23641502	1239.70864694	7874.20953593	8276.56233807	1337.17126766	1442.47360832	6390.85670278
Kvon2014_chr3R_9737272_9739395	on	614.4	7.23	0	1.299	0.3755	1.738	0.516	1616.35	1117.17	0	6	4.065501549	0	0	1.090549469	3.8350391388	1.8774242401	0	1.5273752213	2.6265354156	1.9060792923	0.9312934875	1202.77	150.455	0	0	0	0	25.3201	0	3690.06685769	4117.82485375	7391.93497224	1806.99904123	8398.71914152	8234.65903915	1566.97057449	1891.30172153	7172.63142002
Kvon2014_chr3L_20284267_20286431	on	2177.3	0	0	0	0	0	0	2528.05	0	0	5.7	3.950781977	0	503	1.2266626358	4.596200943	0	0	2.1559362412	0	0	0	2643.47	189.1	0	0	1	1	0	0	729.205175601	1931.82703757	6099.81315514	123.567467652	7456.78667945	7880.30352557	141.866913124	375	6043.28917051
Kvon2014_chr3R_2679309_2681544	on	0	4.58	0	0	0	0	0.744	0	1166.71	1346.62	0	5.397940009	0	0	0	1.0311579704	0	1.8274364471	0.8699059486	0	0	0	0	403.055	1252.86	1324.42	0	0	44.6554	1121.31	2552.91052456	3045.45105532	6066.23777756	825.230788872	7701.66592484	7676.42664123	1094.57139097	532.612185814	6489.56021145
Kvon2014_chrX_4833051_4835256	on	256.3	5.95	0	0	0	0	0	2800.02	1228.63	2456.44	6	5.698970004	606	237	2.3972048759	4.4342727661	0	2.0248885155	3.1701683998	2.2798023224	2.2501926422	2.9377851486	0	158.055	977.37	1480.35	1	0	0	1457.7	790.366130908	883.917143678	5909.30893587	326.621315193	7101.74954753	4001.76535189	85.5316023123	228.491289102	4827.97396649
Kvon2014_chr3L_20691955_20694178	on	161.9	0	0	0	0	0	0	3822.98	2321.03	0	6	6	0	0	2.9914374352	5.7935285568	4.0731048583	0	2.292719841	2.2336821556	8.0429306031	0	1115.12	298.14	0	0	0	0	151.7965	1133.76	1921.87020818	3700.67946288	6454.48251475	797.151797773	8021.36694375	8129.14841329	1033.29636894	728.402208369	7168.28253903
Kvon2014_chr2L_8841573_8843738	on	5290.5	22.1	4.96	0.152	2.1105	1.003	1.856	1257.84	0	0	11.52	10.013228266	491	267	5.0142145157	5.9451971054	2.2607588768	2.8272533417	3.4308395386	2.3756914139	4.1619017124	1.5043067932	0	294.35	0	0	2	1	170.974	0	2499.83496976	3533.89834035	6892.17904011	1412.92084359	8232.40361767	8360.60390483	1321.52020877	1336.66314606	7069.26392843
Kvon2014_chr2R_5862739_5864868	on	2411.2	19.14	12.78	2.345	2.5665	1.874	3.624	2552.77	0	0	9.31	8.48020767	0	327	1.2807655334	4.3737397194	4.0011930465	3.5246582031	3.2372131348	3.5642366409	5.4760446549	4.2505507469	0	338.67	0	0	0	2	68.1977	0	2087.13517614	2446.41977206	6665.76848719	794.778307391	7898.46008799	7142.68584546	945.214223865	768.018126515	6318.08324589
Kvon2014_chr3R_11814891_11816988	on	7773.9	16.44	5.39	0	0	0	0	3724.08	0	0	6	6.541422579	0	269	1.8042888641	5.549519062	2.4689488411	2.730717659	2.6818780899	3.3558526039	3.4948368073	6.0244431495	1190.25	387.48	0	0	1	2	253.9171	0	1678.15604989	2042.34348562	7172.14390156	922.425323997	7994.66434989	7771.68875665	870.149253731	539.787621007	6328.97350993
Kvon2014_chr2L_17381424_17383547	on	574.9	9.89	2.85	0	0	0	0	5056.09	1092.4	0	6	6	463	394	1.1330518723	5.661567688	0	0	2.2213466167	0	0.9921841621	2.4266629219	2918.97	261.13	0	0	1	0	273.258	1308.19	974.482401344	1575.40576882	6218.04591776	381.544607107	7658.68333539	7805.19424584	368.783990892	199.851666525	5923.6453202
Kvon2014_chr3L_17437262_17439559	on	533.2	3.91	0	0.582	0	0	0.515	4858.3	0	0	2.42	0	0	244	0	2.1904916764	0	0	1.5671243668	1.8997120857	0	0	1277.91	100.67	0	0	0	0	149.635	1432.78	1610.21965341	2346.37945126	6346.89719719	320.775758732	7789.6489649	4272.92671116	688.115114295	608.46905947	6904.18356457
Kvon2014_chr3R_12617439_12619540	on	266	8.17	0	0	0	0	0	2515.69	1067.63	1471.26	6	1.40162539	0	0	1.0709533691	1.2179388999	0	1.4274950027	0.6841835976	0	2.5870404244	0.8944673538	0	194.47	0	0	0	0	0	0	3044.80415734	3513.08413693	6738.71409029	1457.87904426	8047.08101989	8333.39316182	1741.44085078	1810.6359185	6545.27743394
Kvon2014_chr3R_17201451_17203140	on	127	5.66	0	0	0	0	-0.208	0	0	0	0	3.514278574	397	252	0	4.0774583816	0	1.6322646141	2.8265082836	0	1.52542305	2.927873373	0	173.085	0	0	0	1	108.2098	0	2603.00106505	2348.11132588	6130.85872576	1455.55995532	7023.48320241	7454.01727297	2801.63536721	1900.98768178	5974.03643187
Kvon2014_chr3L_11236150_11238249	on	4001.6	15.64	0	0.777	-0.547	0	1.682	2664.04	0	0	6	8.086981316	629	330	1.3024101257	5.6831727028	0	2.4692969322	2.2470941544	2.3912477493	0.9502182007	2.2986869812	0	584.345	2280.32	1337.41	0	1	366.7858	0	662.507254632	2025.3448809	5894.93176619	312.134429036	7052.14897551	7214.96394231	278.894711768	159.526681037	5861.37504245
Kvon2014_chr3L_20690371_20692484	on	2142.4	19.39	8.24	0	0	0	0	1183.67	1104.78	1172.13	6	11.397940009	0	0	3.8561615944	5.7935285568	5.9322071074	3.6492362022	2.292719841	3.3236374855	8.0429306031	3.2084407806	0	496.64	0	0	0	1	42.6886	0	2137.27938217	3953.07106599	7003.35313842	1461.27856086	8021.36694375	8129.14841329	1390.82603907	896.917477223	7168.28253903
Kvon2014_chr2L_17748587_17750842	on	948.5	14.56	3.1	0	0.0315	0	1.434	0	1228.63	0	6	6	0	0	0	11.8086724281	0	2.5979971886	3.4811062812	0	0	0	0	150.815	0	0	0	1	432.906	0	3234.60104307	2974.49161111	6454.72208855	844.301088223	7843.82159693	8081.89637622	1416.50591078	549.114106446	6669.4688961
Kvon2014_chr3R_20997630_20999927	on	5188.7	17.63	5.14	2.077	1.3345	2.729	1.34	1183.67	1216.25	0	6.83	6	621	355	1.4735689163	5.9939017296	3.4351992607	3.6221280098	2.4529657364	3.5316939354	3.4843473434	3.0008234978	0	265.97	1152.69	1428.37	1	2	362.1114	1270.81	1945.02973905	2787.89645089	6955.68056745	910.162520551	8015.93243918	8092.76542546	898.443768043	2233.03782563	6116.29559366
Kvon2014_chr3R_19019321_19021522	on	2439.9	20.67	4.29	1.101	2.3565	1.84	2.211	1183.67	0	0	12	6	0	359	7.1341347695	8.2941589355	4.3281931877	3.3458242416	2.5065560341	4.800488472	6.8141613007	2.6911211014	0	135.955	0	1337.41	0	0	171.0741	0	1527.63232463	3024.13480367	6513.92367459	594.93342048	7553.49851812	7726.94649496	646.951935214	1008.05027021	6206.28145247
Kvon2014_chr2R_5869684_5871848	on	661.8	18.16	16.05	0	2.7485	0	1.984	0	0	0	3.19	5.698970004	0	356	0	5.327337265	0	3.1938204765	3.2372131348	1.8405785561	6.8817224502	4.0464177132	0	103.08	0	0	1	1	0	1295.73	2782.83040489	2661.21534584	6665.76848719	2033.77968248	7188.26796799	7707.15724975	1829.6968597	1870.70334306	7367.05031725
Kvon2014_chr2R_16474936_16477141	on	105.8	5.1	0	0	0.6955	0	0	0	0	0	0	0	597	0	0	1.5241217613	0	1.5264592171	3.2306118011	0	0.7313308716	0.8041715622	0	93.2	0	0	0	0	0	0	1132.63273125	810.46991981	6345.23338229	185.215419501	7654.03994186	8076.67886796	394.970760234	197.946427707	5991.03337577
Kvon2014_chr3R_24412727_24414867	on	390.2	37.78	7.7	1.121	0	0	1.203	1505.09	0	0	0	2.863279433	0	281	1.1914243698	7.9361977577	0	3.2108402252	3.5225510597	2.219979763	0	6.2340714932	0	122.4	0	0	0	0	67.5782	0	2920.06051298	3257.8309804	7250.10213659	1394.11278079	8348.74561537	8522.98254319	1680.30542441	1579.5855316	7542.61016949
Kvon2014_chr3R_12524782_12526937	on	2545.7	21.71	0	0.307	2.351	0	0.576	0	0	2518.75	6	6	1356	275	1.1440386772	5.5858182907	0	3.0022964478	3.4818956852	0	3.8892707825	3.2358667851	0	181.255	989.89	0	1	1	161.373	0	2560.51705165	3649.79532865	7167.0105559	1436.2020213	8161.56763754	8203.96658733	1451.16803785	1765.39717084	7178.3664425
Kvon2014_chr3R_12783420_12785609	on	101.3	9.44	0	0	0.0805	0	0	0	0	0	0	0	0	492	0	4.7023029327	0	0	3.0666360855	0	0	0	1190.25	140.115	2054.93	0	0	0	76.6387	0	728.998495663	1495.56245778	6505.44995029	277.067153952	7900.13793671	8058.27589241	205.025125628	437.838606665	5951.27313517
Kvon2014_chr3L_8645778_8647917	on	1376.4	25.88	19.04	2.971	2.5005	0.135	1.14	0	1228.63	0	6	6	0	0	0.73645401	5.0086178779	0.7320384979	3.5474784374	1.5435824394	4.2032833099	4.3437418937	4.1838421821	0	185.875	0	1259.44	0	2	306.454	1121.31	1885.63908159	2224.66401195	6566.23641502	693.141365546	8176.11504063	8276.56233807	886.313774984	913.83263228	6860.24025207
Kvon2014_chr3R_11811918_11814017	on	1848.3	16.44	5.39	0	0	0	0	2614.59	2482.04	1246.92	11.7	5	0	269	2.6404519081	5.549519062	0	2.730717659	2.6818780899	3.3558526039	0	7.8167512416	0	382.37	0	0	0	1	264.4294	2603.92	1576.53799409	2825.94782933	7172.14390156	1057.23458541	7994.66434989	8238.55360584	1124.3658871	750.097622454	5868.05444392
Kvon2014_chr2R_7069850_7071967	on	3355.8	14.23	0	0.339	0	0	1.378	1406.19	1278.17	0	2.82	0	0	372	0	4.0105814934	0	1.6059322357	2.2333374023	0	0	0.7157402039	0	178.124444	0	5128.73	1	1	46.1259	0	1210.00989488	1586.18019865	5167.14258192	7.7219142271	7537.86524255	5764.97890659	664.458814523	283.35906189	5838.09454248
Kvon2014_chr2R_8500209_8502359	on	0	4.81	0	0	-0.0975	0	0	2602.22	2407.73	0	1.15	0	398	0	0	0.562502861	0	0	1.6055717468	0	0	0.8805704117	0	123.6	0	1428.37	0	0	0	0	2389.47731047	1282.63581473	7007.02633212	387.40520728	8094.97896388	8084.17760975	714.558139535	489.720930233	6963.60141672
Kvon2014_chr3R_6425535_6427699	on	2036	14.58	3.27	0.572	1.8525	0.584	1.173	2701.12	0	5112.3	6	6	725	356	3.2283039093	6.3534965516	0.8223495483	2.5967981815	2.484609127	2.1598701477	2.9896202087	0.7593021393	2743.65	487.005	877.19	0	0	1	106.4827	0	2739.03370786	2708.00234813	6980.29579432	1350.72305511	8502.09401038	8466.8375978	1433.48755358	1623.70597847	7263.04019341
Kvon2014_chr2R_9465978_9468385	on	66.9	0	0	0.356	-1.0985	1.139	0.245	1282.57	1216.25	1246.92	6	4.958607315	0	0	0	1.681055069	2.1045193672	0	0.8925886154	0	0	0	1390.61	98.645	1490.79	2973.7	0	0	62.9844	0	1077.02534275	2255.59463071	4628.11352026	1081.85834131	6468.16522272	6257.69732325	381.798945622	826.1555969	5015.28251528
Kvon2014_chrX_2322950_2325468	on	3915.8	32.7	5.01	1.72	3.0825	1.32	4.769	0	0	0	12	8.22184875	0	235	0.8356723785	4.258111	2.68227911	3.85602808	2.7808156013	3.6068725586	7.4506683349	2.9443955421	0	267.14	0	0	1	2	77.5599	1220.98	2216.17577197	2853.34857143	6120.7398568	1210.03965196	8395.2098671	6043.87688736	654.242521029	478.876067469	6273.96027312
Kvon2014_chr2L_20767347_20768825	on	1967.3	32.81	12.03	1.356	3.2495	0.82	2.488	0	3673.52	1209.53	6	6	0	340	2.3289036751	5.0416426659	1.9866161346	3.7979521751	3.3636436462	3.2058734894	6.8438768386	4.0561094284	0	245.8	952.33	1311.42	1	1	81.0118	1432.78	2089.95737145	3241.80098212	6538.86374352	719.590741283	7897.47566003	8014.33328708	735.556156969	1171.77846297	6270.46147763
Kvon2014_chr2R_5871167_5873296	on	1355.2	18.16	16.05	1.444	2.7485	2.908	1.762	0	0	0	9.19	5.698970004	0	356	1.5516967773	3.1451406479	5.1280155182	3.1938204765	3.2372131348	4.9500117302	6.8817224502	4.5508790016	0	265.59	0	0	1	1	33.3501	0	2782.83040489	2834.67664544	6665.76848719	1800.04154147	8127.17444239	8810.5062274	1444.66570298	1237.70824943	7367.05031725
Kvon2014_chr3R_9735416_9737658	on	937.7	7.23	0	1.786	0.605	1.738	1.434	1616.35	2395.34	1271.84	12	9.463441558	0	0	1.9860215187	3.8350391388	1.8774242401	0	1.5273752213	2.6265354156	1.9060792923	0.9312934875	1202.77	150.455	0	1272.44	0	0	58.6702	0	3867.18444165	4117.82485375	7489.21339564	1633.22149612	8452.04771745	8234.65903915	1770.72952094	1677.3501326	7172.63142002
Kvon2014_chr2L_4280575_4283186	on	5266.9	17.97	5	0.924	1.029	0.882	2.736	1270.21	0	3753.21	6	6	522	260	3.1149787903	7.2851519584	1.9505815506	2.585351944	2.796710968	2.0868742466	1.5455446244	2.8837678432	1277.91	718.36	1027.46	0	1	1	443.2431	1457.7	1361.90951654	1078.11102141	7055.87222516	267.541010608	8155.3593179	8276.40181552	687.614430996	948.248039853	6725.97926668
Kvon2014_chr2R_5872688_5874770	on	1664.8	18.16	16.05	1.444	2.7485	2.908	1.762	1183.67	2209.57	0	6	0	0	356	2.4342827797	3.1451406479	5.1280155182	3.1938204765	3.2372131348	3.1094331741	6.8817224502	2.3369684219	0	162.51	0	1233.45	0	1	79.1591	0	2782.83040489	3317.9742625	6665.76848719	1708.47659554	8127.17444239	8810.5062274	1697.76674788	1415.38274687	7169.06026947
Kvon2014_chr2R_9505005_9507128	on	238	15.03	0	0.161	0.0415	0	0.252	1393.83	0	1259.38	6	0	0	431	0	6.5478739739	0	1.9245052338	3.0225129128	0	0	0	5036.51	172.76	0	1233.45	1	0	0	0	1340.11523358	2589.86696003	6055.61444883	1438.2117036	7268.83804397	7412.43571146	1117.33588602	1288.12611176	6507.05007897
Kvon2014_chr3R_16368758_16370878	on	5947.2	20.55	6.08	0.768	1.3305	0.867	1.691	0	0	0	6	5.045757491	648	265	4.2574577331	4.3357133865	0.8585553169	2.5272955894	2.2923798561	1.9697408676	2.968870163	2.5306668282	0	210.78	2242.76	5453.6	0	1	80.0754	0	872.912069641	2021.54538021	6878.86413213	294.397794158	8064.23720038	8291.27540542	374.198113208	130.778179177	7042.57790595
Kvon2014_chr2L_21873761_21875859	off	100.7	28.41	0	0	0	0	0	2787.66	0	0	0	0	0	0	1.4462990761	0.8104844093	0	0	2.3434648514	0	0	3.1922416687	0	106.06	939.8	2687.82	1	0	0	1146.22	1111.48203746	1355.68475353	3109.72721929	821.510187029	5109.51568789	4987.40819492	942.289533787	1189.21021047	3357.73977285
Kvon2014_chr3R_5039826_5041966	off	0	0	0	0	0	0	0	2787.66	0	0	0	0	0	0	0	0	0	0	0.5291442871	0	0	0	0	170.35	1115.12	1285.43	0	0	0	1495.08	1565.7809299	2178.5157256	6358.79489068	682.603734337	7548.50072614	7474.33037463	494.956368075	615.192654839	6601.46906069
Kvon2014_chr3R_12085815_12087165	off	0	0	0	0	0	0	0	0	0	0	0	0	0	0	0	0	0	0	0	0	0	0	0	354.839615	0	0	0	0	0	0	1838.88032614	2368.2949978	6866.00013806	1028.78822922	8183.94796258	8190.8326476	1153.0676721	1115.20556879	6818.8840238
Kvon2014_chr3R_19137616_19139764	off	0	10.39	0	0	0	0	-0.083	2404.43	0	0	0	0	0	397	0	3.6510486603	0	0	2.8631944656	0	1.7186617851	0.7912397385	0	160.695	939.8	0	0	0	0	0	2052.71878	3090.10780886	6349.51216897	1682.29113055	7641.59382465	7610.35752575	1787.8036262	1319.76301552	6436.93421053
Kvon2014_chrX_2015104_2017176	off	281.4	7.93	0	0	0	0	0	2639.31	1216.25	0	5.3	6	575	304	0	6.6712903976	0	1.5503969193	3.9698085785	0	5.0010643005	2.3833293915	0	119.525	3583.28	4220.15	1	1	0	0	1451.04983807	1945.9665233	7311.1043412	427.747762473	8083.83140054	5507.72240817	132.773321107	944.787073875	6899.04299415
Kvon2014_chr2R_10189466_10189854	off	0	0	0	0	0	0	0	0	0	0	0	0	0	0	0	0	0	0	0.8936171532	0	0	0	1202.77	135.43	0	0	1	0	0	0	2155.88314575	1033.79399218	6856.0595582	1616.27885872	7868.94891893	7836.77342823	1670.64962576	1251.50744191	7017.42529606
Kvon2014_chr3R_12530048_12532179	off	77.2	0	0	-0.62	0.5595	0	-0.195	0	2333.42	0	0	1.685311349	0	352	0	1.9094281197	0	0	3.4818956852	0	0	0	0	84.005	852.15	0	2	0	90.84	0	1696.02270423	2998.38580896	7167.0105559	1051.32896667	8161.56763754	8203.96658733	1213.38906874	1124.43710544	7178.3664425
Kvon2014_chr2L_18858385_18859231	off	0	0	0	-0.297	-0.8975	0	0	0	0	0	0	0	242	0	0	0.9547657967	0	0	0.5941019058	0	0	0	0	337.215	0	1298.43	1	0	0	0	1639.58296125	3799.91539763	6660.45856116	1186.42369799	8086.86103749	8150.22305622	1921.6388111	2489.73862706	6501.03345931
Kvon2014_chr2R_6445326_6447498	off	470.8	8.35	0	-0.168	0.625	0	1.18	1369.1	0	1172.13	0.52	0	332	334	0	1.4881262779	0	0	3.0769424438	0	1.6151971818	0	0	132.575	0	0	1	1	119.7104	0	1162.29114025	1167.28008833	4934.80882956	349.799439882	7199.71700697	7010.8475492	502.03523333	133.333333333	5565.3726478
Kvon2014_chr2L_19811824_19813928	off	161.3	8.21	3.07	0	0	0	0	1245.48	0	0	2.44	2.808269607	0	98	0	0.6615409851	0.7733845711	1.8576378822	2.0270271301	0	3.3905153275	0	0	160.785	0	0	2	0	0	1308.19	1256.06280347	714.827340762	3874.32962061	1572.56321786	6435.64267698	6588.78839507	1633.28797932	999.356306697	4262.19796675
Kvon2014_chr2R_2859014_2859702	off	0	3.26	0	0	0	0	-0.079	1517.45	0	0	0	0	0	321	0	0	0	0	1.5168237686	0	0	0	0	139.245	0	0	1	0	0	0	561.648819234	1908.71925804	6393.8517179	239.904736335	7727.97916879	7838.90061985	256.899766323	232.261536699	5961.50684932
Kvon2014_chr2R_19469399_19471593	off	0	0	0	0	0	0	0	0	1080.02	2743.1	0	5.301029996	0	0	0	2.2123394013	0	0	3.8858761787	0	0	0	0	151.495	0	0	0	0	17.238	2703.59	2045.28346202	2743.00271739	6258.8491983	555.242768153	7834.66242434	7875.75794374	756.247639665	288.833821985	6274.17782318
Kvon2014_chr3R_1542997_1545699	off	145.9	4.23	0	1.043	1.861	0	1.164	1393.83	0	0	5.7	1.368647564	0	0	0	4.2022223472	0	0	3.6870188713	2.3600859642	3.0303182602	4.8659524917	2718.61	168.835	0	0	0	0	0	0	2914.72416884	3865.27621195	6946.77755976	1093.86095336	7947.20767888	7518.3401216	1460.14600469	2875.55324681	7122.11384096
Kvon2014_chr3R_12657648_12659851	off	360.4	23.63	0	0.855	-0.4135	0	0	0	1067.63	0	0.81	0	0	0	0	2.5867123603	0	2.6531085968	0.9448757172	0	0	0.9641280174	0	168.73	2192.67	2908.73	0	0	0	0	1556.82628376	2536.45451117	6917.3336619	318.15400918	8047.08101989	8035.21282846	865.085420438	652.224327473	6977.36000305
Kvon2014_chr2L_12660904_12662965	off	1632.1	13.47	0	0.664	-0.192	0.631	0.965	0	1265.79	3828	6	0	0	361	1.5228261948	2.4783682823	1.7918114662	1.6184141636	1.7531261444	1.8232717514	0	2.162580967	0	122.98	0	0	1	0	0	2441.95	3259.84081455	3262.94149611	6503.27192111	1287.22967757	7923.06397787	8010.36666406	1422.84644176	1393.86552058	6723.74725334
Kvon2014_chr3R_4644284_4646432	off	1004	5.24	0	0	0	0	0	2453.88	0	0	7.59	1.135827231	585	549	0.9062223434	2.5424799919	0	1.8273649216	2.0200634003	1.8350868225	5.0882091522	2.0740203857	0	308.98	927.28	0	0	1	0	0	2796.2764877	3172.01077502	6951.37534054	1543.35373317	8153.9941197	0	1614.79877314	2081.70287312	7064.46513748
Kvon2014_chr3R_14237034_14238687	off	60.6	0	0	0	0	0	0	2614.58	2556.35	0	0	0	499	0	0	1.6867847442	0	0	2.2271723747	0	0	0.8127808571	0	100.19	1065.03	1558.32	0	0	0	0	1670.23621833	3962.02335211	6515.50492034	1447.40014976	8219.64347326	8020.80248388	1240.383452	504.547123077	6892.46986819
Kvon2014_chr3L_15327292_15329842	off	110.4	6.16	0	0	0.8855	0	0.202	2626.95	0	2381.66	0.42	1.093072653	0	0	0	3.1320014	0	0	1.6056256294	0	2.0289020539	1.0350079536	1215.3	151.095	0	0	0	0	89.5736	0	3706.83757392	4543.51127648	6759.27499292	1576.80342667	8400.29889204	8583.33333333	1561.10639285	1521.71854185	7117.67175121
Kvon2014_chr2R_15312405_15312605	off	0	5.19	0	0	0.4625	0	0	0	0	0	0	0	512	0	0	2.1126508713	0	0	2.2438488007	0	0	0.8514757156	0	200.165	0	0	0	0	0	0	307.76171476	518.110622466	7212.73861194	410.427892235	8330.32493975	8454.79043943	74.4170905392	17.6229508197	7391.12289288
Kvon2014_chr3R_5162844_5165777	off	0	0	0	-0.468	-0.6105	0	0	0	2308.65	0	5.7	1.879853994	0	0	1.2699131966	2.0754556656	0	0	1.9869837761	0	0	0	1165.21	122.31	852.15	1493.35	1	0	0	1133.76	1606.74299021	1809.11127213	6502.27867547	202.725062384	7761.64236077	7769.43382487	390.914428812	774.129630838	6747.56854877
Kvon2014_chr2R_16004228_16006469	off	310.6	11.1	0	0	1.8525	0	1.194	2565.14	1092.4	3653.5	0	0	0	304	0	2.6547412873	0	1.7391405106	1.7222385406	0	2.349193573	0	1115.12	66.415	0	0	0	0	0	1270.81	2063.76921074	4150.5317841	7475.09679991	2132.25460345	8075.45140389	8482.48408694	1302.04454714	1728.00713581	7077.17112344
Kvon2014_chr2R_21114152_21114957	off	1889.5	15.42	5.79	1.641	4.4085	0	1.227	0	0	0	0	0	0	395	0	2.2194650173	0.7087726593	3.1689620018	2.6296253204	3.2632937431	8.0693802833	3.7404403687	0	278.935	0	0	1	0	45.0324	0	3058.71434167	3341.06398805	6212.54952265	1457.21233249	7304.91594373	7819.44574187	669.217739786	922.326040573	6530.34773446
Kvon2014_chr2R_18586328_18588549	off	108.7	5.13	0	-1.121	-0.0155	0	0	0	1241.02	0	0	5.698970004	587	0	0	5.7588577271	0	0	2.9576387405	0	0	0	0	166.835	852.15	0	1	0	51.3743	0	2622.32088691	4404.70716078	7043.73704541	2017.28403325	7985.95244405	8408.78372627	1730.41229032	1926.59880047	6931.9789675
Kvon2014_chr3L_14147375_14149488	off	189.4	21.82	6.59	3.244	2.659	0	3.83	1406.19	1080.02	0	5.52	0	0	218	2.8514766693	7.8195667267	3.6466646194	3.5461864471	3.3884029388	3.3906824589	4.2275567055	6.5741524696	1140.16	383.525	0	0	0	0	19.5182	1470.16	2827.24482576	3475.3025404	6806.51940987	902.085439384	7899.45742501	8064.28366248	873.211831934	1137.80448518	6449.82174009
Kvon2014_chr3L_21597042_21599259	off	950.2	3.47	0	0	0	0	0	1270.21	0	0	0.41	0.465536011	0	333	0	5.0698161125	0	0	0.7502298355	0	0	0	1165.21	228.925	0	0	0	1	70.3025	1519.99	544.563328618	1330.96959764	6209.08952323	805.096977898	7513.60294805	7604.71990969	755.435272891	683.481538759	5612.1717776
Kvon2014_chr3L_11234411_11236535	off	4276.2	15.64	0	1.101	0.3015	0	1.942	1381.47	0	0	10.49	6.432611285	629	330	1.3024101257	5.6831727028	0	2.4692969322	2.2470941544	2.3912477493	0.9502182007	2.2986869812	0	493.915	2305.37	1727.25	0	1	0	1681.96	1157.97995129	1271.80425441	5894.93176619	168.004766143	7052.14897551	6482.53812723	386.637562061	353.393972111	5861.37504245
Kvon2014_chrX_2032913_2035571	off	528.1	15.15	0	0	0	0	0	1183.67	0	2568.62	1.3	0	0	174	0.7430267334	8.7665462494	0	4.4233117103	3.4686393738	0	3.6094288826	2.7639374733	0	221.2	989.89	0	0	1	0	0	116.629044394	127.870366408	6578.13335351	96.388261851	8201.3051867	7561.27612761	108.954100828	96.2094026336	6332.19091728
Kvon2014_chr2R_1585347_1586011	off	0	0	0	0	0	0	0	0	0	0	0	3.020907099	437	0	0	1.3087368012	0	0	1.3728399277	0	1.8130369186	0	0	115.385	0	0	1	0	0	0	1481.88664631	3646.9317624	3466.72743294	917.760564404	7099.45518932	8505.34022394	2066.28987859	2034.48826421	5336.71318713
Kvon2014_chr3R_6432579_6434671	off	0	0	0	0	0	0	0	0	1278.17	1271.84	0	0	0	0	0	0	0	0	0.4444446564	0	0	0	0	264.84	0	0	0	1	0	0	2383.72864065	2503.12585687	6980.29579432	661.396637535	8502.09401038	8466.8375978	915.791432949	917.830024691	7263.04019341
Kvon2014_chr3R_12651689_12653957	off	4431.9	22.08	9.28	0.664	0.7595	1.404	2.046	1294.93	2333.42	1309.23	6	6.361795374	0	194	2.0494952202	4.7921328545	2.9399046898	2.8816022873	2.6210975647	2.0620040894	1.8340034485	4.5868153572	0	258.455	889.71	1506.34	0	2	234.4249	1470.16	2672.6552305	3103.64929435	6917.3336619	2138.49206349	8047.08101989	8357.7848598	2270.33906095	2165.12350508	6977.36000305
Kvon2014_chr3L_8644040_8646165	off	0	25.88	19.04	2.971	2.5005	-0.772	1.14	0	2395.34	0	6	6	0	0	0.73645401	5.0086178779	0	3.5474784374	1.5435824394	4.2032833099	4.3437418937	4.1838421821	1190.25	185.875	0	0	0	1	202.551	0	2026.90603023	2914.2545747	6566.23641502	820.769905544	8176.11504063	8276.56233807	1075.71442137	1023.68416181	6860.24025207
Kvon2014_chr3R_2604665_2607017	off	155.6	0	0	0	0	0	0	1183.67	1228.63	0	0	0	0	0	0	0	0	0	0.9206204414	0	1.2087988853	0	0	308.73	1014.94	0	0	0	0	1320.65	1004.03911565	1333.78226291	5059.3331752	751.955782313	6082.46496016	5888.0918437	796.301020408	565.008503401	4744.09924373
Kvon2014_chr2L_8541347_8543373	off	171	6.09	0	0	0	0	0	2528.05	0	1184.6	0	0	0	0	0	3.621071577	0	0	2.6849336624	0	0	0.9512119293	1528.36	114.805	0	2414.92	0	1	0	0	295.269358801	1473.66623734	6028.66318148	783.273415745	7789.29683658	6798.45442774	626.466519192	782.645758979	6138.35666575
Kvon2014_chrX_4947033_4949107	off	370.1	5.66	0	0	1.7385	0.743	-0.044	0	0	1234.45	6	0	0	225	0.8330345154	2.5926394462	0	0	3.3663072586	0	2.6704931259	0.9319667816	0	106.66	0	0	0	0	0	0	1256.05369848	1806.86843183	6551.66933955	208.264673405	7564.7708099	4653.1340405	215.125093753	394.194170389	6708.73698212
Kvon2014_chr3L_18619083_18621234	off	69.2	10.44	0	-0.042	-0.273	0	0.057	0	2506.8	0	1.91	0.554311748	0	0	0	2.5017333031	0	1.5555305481	1.9919013977	0	0	0	0	133.58	0	1441.37	1	0	67.9156	0	1335.17144415	2560.29472741	4938.98832031	391.120409112	7196.50359251	7260.75383899	669.177126918	730.032543003	4987.43169399
Kvon2014_chr2R_8480351_8481138	off	0	5.81	0	-1.135	0	0	0	0	0	0	0	0	519	0	0	2.6439332962	0	1.6478271484	2.9219818115	0	0	0	0	170.505	0	0	2	1	83.712	0	274.280315274	254.606871914	6987.19410918	1.8739170613	8053.65992553	5625.44992708	12.5439121011	0	7115.57855963
Kvon2014_chr2R_5330923_5331661	off	0	0	0	0	-0.7715	0	0	0	0	0	0	0	0	0	0	0	0	0	2.3809628487	0	0	0	0	70.41	0	0	0	0	0	0	1761.22725513	2816.43472426	3902.36113872	685.553526658	7852.75923878	7602.18916406	733.109598538	422.109174258	6531.30186369
Kvon2014_chr3R_6430745_6432955	off	0	0	0	0	0	0	0	0	1117.17	1172.13	0	0	0	0	0.7800292969	6.3534965516	0	0	2.484609127	0	0	0	1553.4	196.07	864.67	1623.3	0	1	43.5781	0	2381.13573422	2772.96013829	6980.29579432	1440.18866561	8502.09401038	8466.8375978	1744.47217195	934.3645486	7263.04019341
Kvon2014_chr3L_18843606_18845794	off	373.6	0	0	0	0	0	0	1257.84	0	0	4.1	4.13667714	0	0	0	2.1052131652	0	0	4.1436314583	0	3.294160366	0	1528.36	80.63	0	1376.4	0	0	0	0	1971.61795722	1673.99125736	4461.15448968	498.35523765	6227.72984231	6432.95925785	368.566727605	469.547390984	4855.82454354
Kvon2014_chr3R_17012057_17014174	off	78.4	0	0	-0.488	0	0	0	0	0	1259.38	0	0	334	188	0	5.0274806023	0	0	1.973197937	2.03748703	0	0.7873420715	0	121.83	0	0	1	0	22.6958	1121.31	699.411093684	816.715036582	5535.73119777	0	5217.26188766	7496.77799406	212.139820501	274.633915919	5082.21060493
Kvon2014_chr2L_15474479_15476667	off	450.2	4.28	0	0	0	0	0	0	0	1334.16	2.64	3.156767222	0	0	0.9258813858	10.4746870994	0	0	3.5321755409	1.8253712654	5.3072600365	0	0	517.935	0	2791.77	0	1	0	1308.19	1945.61158678	3211.08200203	6454.52403393	1657.91473179	7875.14849068	8136.29166337	1311.50306533	725.063001677	6868.45888385
Kvon2014_chr3R_6441272_6443406	off	3091.5	26.72	0	0.613	2.954	0	0.883	1183.67	1080.02	0	6	0	296	540	5.1307001114	8.2813639641	2.5719466209	2.8361639977	3.3907465935	2.3395709991	2.9669451714	6.9462985992	0	238.655	0	0	1	1	52.3253	0	1847.3289597	2763.31979356	6980.29579432	1125.72633552	8025.54278533	6563.58245166	871.704577117	945.970009372	6842.0829214
Kvon2014_chr3R_26683121_26685307	off	0	7.64	4.05	0	0.4385	0	0	0	3512.5	0	0	0	0	0	0	5.7681102753	4.3503880501	0	1.9686861038	2.8635406494	0	0	0	173.585	1265.39	1389.39	0	1	0	1333.11	2765.16098345	3484.31819965	7014.21153746	960.830966954	8013.05159257	8188.56832833	1540.5261521	1457.68765249	6799.33904966
Kvon2014_chr3R_12795881_12798067	off	108.1	5.87	0	0	0	0	0	1294.93	0	0	0	0.68619814	0	229	0	1.9566736221	0	0	2.5974631309	0	0	0	0	267.645	0	0	0	0	33.3501	0	813.902952136	1471.19942459	5400.35202414	340.1955108	7678.36347443	7799.92288125	465.305867182	416.660118953	6065.49704489
Kvon2014_chr2L_21875487_21877925	off	2124.1	28.41	8.45	0	0	0	0	6412.84	1166.71	1209.53	6	5.698970004	0	305	2.2518415451	5.9586615562	1.8844499588	3.8493824005	2.3434648514	4.5986418724	2.6518745423	3.1922416687	1553.4	360.42019	939.8	5401.63	1	1	50.5285	0	1855.05647781	1439.04840033	6170.98854776	1171.59186242	7445.01617417	7008.1920904	1262.23543678	1345.98744516	5355.93697031
Kvon2014_chr3R_14731334_14732374	off	0	0	0	0	0.9195	0	0	0	0	1246.92	0	0	432	0	0	0	0	0	0.9750466347	0	0	0	0	141.605	0	0	0	0	0	1183.6	2302.759114	2418.08818391	6831.83542122	821.20395218	7610.26441336	7734.56374099	1264.93613049	2575.39334537	6102.44090318
Kvon2014_chr3R_27432407_27434519	off	412.5	3.15	0	1.553	2.246	0	-0.004	0	2358.18	1234.45	0.5	3.61530003	784	332	0	4.3299503326	0	0	1.9655914307	1.7106795311	1.3083443642	0	1190.25	162.37	0	0	0	1	0	0	1085.84325183	1849.41811174	6854.56082625	273.52751221	8193.42279962	8133.85607249	101.44048989	546.604138115	6813.6180967
Kvon2014_chr3L_8664858_8666973	off	93.2	30.74	5.56	2.325	4.0905	1.533	3.033	0	0	1371.55	6	0	0	323	2.5950751305	4.8242516517	3.4099502563	3.8205370903	2.5983953476	3.2556886673	7.0631561279	2.7351660728	0	226.55	0	0	0	0	0	0	1450.6498154	1221.5751781	6104.21446349	962.93702915	7874.20953593	8276.56233807	1269.39562634	1321.61234991	6390.85670278
Kvon2014_chr3L_11248392_11250654	off	91.5	0	0	0.583	-0.5235	0	0.903	0	1278.17	1533.58	0	0	0	335	0	0	0	0	3.2358775139	0	0	0	0	158.305	0	0	0	0	0	0	1701.14493074	3259.53101011	5894.93176619	1580.03888938	7052.14897551	7270.41605302	1395.99598558	1614.08430878	5861.37504245
Kvon2014_chr3R_17484013_17486123	off	1083.5	5.5	0	0	0	0	0	0	1216.25	0	5.52	6	535	339	0.8963594437	3.8605051041	0	0	1.7008628845	0	2.3865561485	2.2228193283	0	227.785	1140.16	4246.13	1	1	55.2735	0	1229.64479319	1449.50230195	5766.63529412	426.734908678	7484.4263215	7545.32582641	510.851812221	276.992896519	5638.53158431
Kvon2014_chr3R_15598659_15600730	off	0	0	0	0	0	0	0	0	0	1284.31	0	0	0	0	0	0	0	0	0	0	0	0	1177.73	243.05	0	0	0	0	0	1295.73	1261.87197821	2424.47531641	5981.83221134	1163.17342999	7086.28830191	7947.20692296	1307.53656575	324.314937001	5703.93028038
Kvon2014_chr3R_19039745_19041928	off	353.5	0	0	0	0	0	0	2602.22	1067.63	0	3.6	0	0	205	0	1.5588736534	0	0	1.1772966385	0	0	0	0	111.91	2355.46	2869.74	0	0	5.28782	0	1029.30716966	1604.72091177	6513.92367459	111.59370725	7553.49851812	7726.94649496	89.2787524366	512.826385708	6167.55618501
Kvon2014_chr2R_9464779_9467077	off	0	0	0	0.356	0	0	0	0	0	1246.92	6	0	0	0	0	1.681055069	0	0	0.8925886154	0	0	0	0	98.645	0	1363.4	0	0	28.782	1470.16	1746.04993878	2298.98588565	5566.89101711	1172.98276191	7375.97039933	7244.80707585	1235.29541188	1160.6405966	5564.65263081
Kvon2014_chrX_294866_297063	off	0	0	0	0	0	0	-0.158	2429.15	0	2506.3	6	0	0	0	0	3.8331899643	0	0	2.3285121918	0	2.2106556892	0	1215.3	71.085	852.15	1272.44	0	0	12.7216	0	1239.77075888	1451.77040124	6495.35136518	402.839988209	7279.87051179	7400.1887592	523.62312244	541.688459855	5863.21366512
Kvon2014_chr3R_12559156_12560332	off	191.1	9.37	0	0	-0.4395	0	0.294	0	0	0	0	6	0	0	0	5.2986345291	0	0	1.9792346954	0	0	3.0651054383	0	101.75	0	0	0	0	112.934	0	1303.5923432	3643.65835777	6847.84859846	2906.27741712	7969.33260365	8138.76368946	2451.57932177	2276.18437619	7178.3664425
Kvon2014_chr2L_13549292_13550175	off	78.4	11.05	0	0	0	0	0	0	0	0	5.22	0	335	322	0	4.7003140449	0	0	2.9978723526	0	0.6426482201	4.4736270904	0	162.975	0	0	1	0	350.149	0	28.1038340136	0	6232.1484909	52.7101165337	7279.97102499	7498.2500451	36.9631071861	113.023782559	6422.36910049
Kvon2014_chrX_11213359_11215724	off	0	0	5.83	0	0	0	0	6177.96	1092.4	0	0	0	0	223	2.6915516853	5.4303236008	4.0946807861	3.2250685692	2.7953596115	0	0	1.147562027	2242.76	243.275	0	0	0	0	0	0	860.25987253	1551.1026337	5990.0677609	757.216647986	7476.05831813	5045.38921859	584.581111357	215.139764325	5652.61178901
Kvon2014_chr3R_15149857_15152024	off	0	7.22	0	0	0.433	0	0.248	2528.05	1278.17	4014.95	1.32	0	701	114	0	2.1882266998	0	0	1.5240850449	0	0	2.1994662285	0	163.55	0	0	1	0	71.4558	1432.78	942.471404243	2146.72034864	6577.95383101	380.769705495	7540.7202093	8078.18025423	906.349108684	753.38373978	6157.00787402
Kvon2014_chr2R_15301688_15304029	off	0	5.48	0	0	0	0	0	1393.83	2345.81	0	2.07	0	0	0	0	1.9216594696	0	0	0.9241466522	0	0.6130666733	0	0	107.95	0	0	0	1	27.4524	2915.4	1518.5947788	1924.41314554	7212.73861194	1134.6655538	7638.91309551	8199.71476638	1161.7048153	872.470495871	6543.12726303
Kvon2014_chr3R_3801985_3803471	off	0	7.76	0	0.446	-0.8265	0	0	1393.83	1278.17	0	0	0	331	0	0	2.0371799469	0.8871350288	1.6230678558	1.06001091	0	0	0	0	120.28	0	0	1	0	0	0	1735.28209643	2533.17070418	6412.92407108	1011.36080526	7989.66193985	8019.51898734	961.837623063	1459.58277254	6446.27944325
Kvon2014_chr2L_18859180_18859700	off	0	0	0	0	0	0	0	0	0	0	2.05	0	242	0	0	0.9547657967	0	0	0.5941019058	0	0	0	0	337.215	0	0	1	0	0	0	2833.24512288	2880.58956099	6583.86418503	2325.56610665	8086.86103749	8150.22305622	1371.90406806	1661.26646637	6501.03345931
Kvon2014_chr2R_9506596_9508710	off	663.6	8.59	0	0.428	0.6265	0	1.251	3958.96	0	0	6	8.465339424	0	431	0.8364663124	4.5531611443	0	2.1290187836	3.0225129128	0	3.0714612007	0	4372.19	172.76	1002.42	2531.88	1	0	0	1146.22	2020.10406812	2746.3849522	6274.14261635	1289.97161779	7268.83804397	7360.86637313	1217.21854305	1316.4354317	6507.05007897
Kvon2014_chr2R_6425502_6427669	off	143.6	0	0	0	0	-1.265	0.48	2478.6	1080.02	0	5.05	5.698970004	1039	229	0	6.5394115448	0	0	3.6974799633	0	2.5933184624	0.8956332207	0	160.88	852.15	0	1	0	0	0	1160.63116371	1727.24130756	7016.67638639	807.057870602	7409.98570727	7816.40802092	773.428713265	241.93366725	7224.73554886
Kvon2014_chr3R_2672306_2674395	off	1337.5	10.58	0	1.137	-0.0125	1.054	0.622	1294.93	1067.63	1284.31	1.2	5.522878745	0	0	0	5.2880091667	2.8129630089	5.517882824	2.9328255653	4.6592817306	0	8.7738361359	1140.16	282.89	1165.21	1623.3	0	0	190.0148	1158.68	1920.8612778	3229.64346878	6833.11111823	516.891108174	7701.66592484	7676.42664123	649.530838352	893.053862895	6489.56021145
Kvon2014_chr2R_7076689_7078821	off	1873.5	26.99	3.64	0	0	0	0	8004.47	0	0	4.85	6	0	296	3.8553581238	7.3942394256	3.7419977188	3.0365710258	2.7662172318	3.0869951248	1.6647224426	3.2618453503	1365.57	739.315	0	0	1	0	34.2753	2628.84	1471.56512736	2029.49774177	5367.99881147	61.215143026	7537.86524255	7160.3747804	626.033936182	628.992021112	5838.09454248
Kvon2014_chr3L_20683378_20685588	off	0	0	0	0	0	0	0	0	0	0	0	4.552841969	0	0	0	0	0	0	2.292719841	0	0	0	0	84.835	0	0	0	0	0	0	2358.65894838	4028.76324218	7003.35313842	1153.18076145	8021.36694375	8244.44280986	1406.04236757	1286.78270746	7168.28253903
Kvon2014_chr3R_5167466_5169689	off	0	6.94	0	0	-0.8995	0	0.65	0	0	0	0	3.09317242	683	384	0	6.8475439548	0	2.0923724175	1.9869837761	0	3.1895432473	0	0	122.31	0	0	0	0	71.7139	0	1105.57804768	1122.01720131	6502.27867547	-125.252525253	7761.64236077	7769.43382487	123.932906143	457.770499928	6747.56854877
Kvon2014_chr3L_17550109_17550934	off	0	8.54	0	0.473	0	0	0.796	0	0	0	0	0	643	0	0.9553279877	6.6814422607	0	0	1.9160475731	0	0	1.1537694931	0	172.06	0	0	0	2	0	0	2621.15758755	3491.90839695	7659.51686797	923.100493508	8117.24968681	8125.67482341	2328.25276923	2734.82810028	7406.33187773
Kvon2014_chr2L_4283178_4285245	off	289.5	17.97	5	0.635	0.9525	0	2.54	6252.13	0	1271.84	6	0	522	260	3.1149787903	7.2851519584	0	2.585351944	2.796710968	0	0.8278217316	1.3178949356	1215.3	202.21	0	0	1	1	53.7671	0	1183.09193155	979.503798329	7055.87222516	97.7401682055	8155.3593179	8276.40181552	304.586594287	492.848944589	6725.97926668
Kvon2014_chr2L_20787549_20788489	off	66.9	0	0	0	0	0	0	0	0	0	0	0	544	0	0	0	0	0	1.0725736618	0	0	0	0	289.11	1190.25	1259.44	1	1	0	0	2161.83491505	3434.0797199	5410.3389999	1587.85305097	7897.47566003	8014.33328708	1949.59674623	1974.31512893	5431.70299486
Kvon2014_chr3R_16774423_16776608	off	865	0	0	0	0	0	0	1233.12	0	0	0	0.947567714	0	568	0	1.3772001267	1.6632680893	0	1.6125235558	2.541809082	0	0	0	362.63	0	0	2	0	29.5238	0	1067.58239891	1513.79859666	6576.21817384	368.337069454	7669.36086325	7766.1689045	174.092077541	627.935131767	2615.99691512
Kvon2014_chr2L_8210041_8211139	off	568.6	5.13	0	0.47	1.2155	0	0	0	0	0	0	0	653	289	0	6.4516477585	0	2.0662512779	1.7091960907	0	1.9781293869	0.9425439835	0	206.84	0	0	1	2	0	0	1785.36288814	1949.83741841	6907.75551587	1572.41266341	7762.35831363	8098.74554916	1857.92545888	1302.1045606	6570.27861938
Kvon2014_chr3R_7587964_7590196	off	67.5	3.26	0	-0.994	0.9505	0	1.216	0	1080.02	0	0	0	0	649	0	3.3959922791	0	0	2.6587724686	0	1.0565948486	0	1553.4	261.695	0	0	0	0	84.033	0	828.853046595	1527.15053763	6604.33938829	626.88172043	8064.47986216	6578.63830412	674.000811524	580.869175627	7179.55003287
Kvon2014_chr3R_17442967_17445048	off	240.8	9.2	0	0	0	0	0	1257.84	1191.48	0	5.15	0	376	396	0	6.8850555419	0	1.778441906	3.0985145569	0	1.2342395782	1.9774532318	1478.27	270.655	2029.88	4233.14	1	0	99.1259	0	961.609144962	1411.74730176	6417.17619506	87.4579529073	7595.36523299	7758.77245509	634.430892497	333.833524603	5985.88117071
Kvon2014_chrX_2032503_2033602	off	1163.1	15.15	0	0	0	0	0	0	1216.25	0	4.44	2.36552273	0	174	0.7430267334	6.9454011917	0	2.693464756	3.4686393738	0	1.7660303116	2.7639374733	0	221.2	2142.58	0	0	1	42.181	0	314.048464489	484.657277682	6578.13335351	213.063039661	8201.3051867	7433.38659673	279.701642642	269.845794803	6332.19091728
Kvon2014_chr3R_2695379_2697581	off	0	0	0	0	-1.1065	0	0	2503.32	0	1346.62	0	0	0	0	0	0	0	0	0.2913618088	0	0	0	0	396.36	864.67	0	0	0	0	0	2517.4895114	3274.46926343	5999.57654266	1147.59081805	7491.01673933	7676.42664123	1273.82547636	1204.86587446	5289.38996426
Kvon2014_chr2R_15612154_15614285	off	0	8.92	0	0	0.5505	0	0	0	1092.4	0	0	0	0	0	0	1.3544969559	0	0	1.1740531921	0	3.6561722755	0	0	142.325	0	0	1	1	80.0754	1295.73	1951.54096389	2579.88900651	5505.73688771	1496.33002424	7032.77994345	6916.52310691	1556.7766914	1345.49851005	4810.29793668
Kvon2014_chr3L_20693642_20695709	off	0	0	0	0	0	0	0	7547.06	1253.4	0	6	0	0	0	2.9914374352	5.7935285568	4.0731048583	0	2.292719841	2.2336821556	8.0429306031	0	0	298.14	1165.21	1259.44	0	0	0	0	2060.58242622	3037.47999576	5310.17076011	946.848600238	8021.36694375	8129.14841329	1587.53094159	1272.37542332	6310.63265974
Kvon2014_chr3R_12545804_12547921	off	1588.6	14.62	0	-0.599	0.1785	0	1.466	0	0	2606	6	1.289696428	0	362	3.2081403732	3.0710401535	0	2.5900554657	2.90554142	0	0.592195034	1.1280727386	0	195.79	0	2622.84	0	1	38.0417	2815.73	2278.60780985	3518.93564356	7065.57885665	1391.0713144	7969.33260365	8138.76368946	1059.05024718	1318.73658381	7178.3664425
Kvon2014_chr3R_26672405_26674546	off	0	29.71	0	1.387	0	0	2.601	1270.21	1104.78	0	0	1.009852135	0	0	0	4.912211895	2.3526215553	3.4803166389	3.0222864151	0	9.6775107383	0	1415.66	264.87	2530.78	1402.39	0	1	0	0	2910.76921935	3308.51641986	6980.36397003	1033.4204227	8120.69187795	8188.56832833	1435.04005724	1498.95705952	6802.385554
Kvon2014_chr2R_8477773_8480401	off	322.1	12.53	0	0.8	0.5445	0	1.411	0	2296.26	1421.41	6	0	1342	0	1.0674395561	7.801609993	0	1.6478271484	2.9219818115	0	0	3.5237669945	0	258.72	0	0	1	0	7.00804	1308.19	1099.7072454	1144.51649227	6987.19410918	39.6857373086	8053.65992553	8296.94808808	159.773648598	157.03957382	7115.57855963
Kvon2014_chr3R_2584112_2585247	off	0	0	0	0	0	0	0	1208.39	0	0	0	0	0	0	0	0	0	0	2.8583459854	0	0	0	0	196.27	1039.98	2479.9	0	0	0	2479.34	1216.75874143	1697.72483846	6147.98305314	1679.31544352	6793.62696029	7509.97892765	1744.43177103	1246.69092901	6005.6100332
Kvon2014_chr3R_8903869_8906054	off	0	0	0	0	0	0	0	0	0	1172.13	0	0	0	0	0	0	0	0	0	0	0	0	1190.25	242.31	0	0	0	0	0	2628.84	1751.10873798	2054.40723569	5837.85759997	747.163953048	7995.93349205	7953.36572549	682.81731369	624.561715064	5908.57786072
Kvon2014_chr2R_7597266_7599805	off	0	12.95	0	-0.024	0.569	0	0.339	0	3623.98	0	5.7	0	0	0	0	3.9683897495	0	0	1.3131494522	0	1.7690453529	0.6501393318	0	388.258333	1140.16	1909.18	0	0	0	0	940.220559275	1967.70978952	5990.15985686	253.334039405	7924.71207809	7984.28120435	103.180385979	259.018006328	6925.06637049
Kvon2014_chr3R_12781720_12783795	off	0	0	0	0	0	0	0	3934.24	1228.63	2419.05	0	0	0	164	0	0	0	0	3.0666360855	0	0	0	1190.25	140.115	0	0	0	0	8.50244	2815.72	577.350770877	1513.7855065	6334.14672825	364.111075015	7900.13793671	8058.27589241	236.769370207	207.903614458	5951.27313517
Kvon2014_chr2R_16474664_16475059	off	0	0	0	0	0.6955	0	0	0	0	0	0	0	597	0	0	1.5241217613	0	1.5264592171	3.2306118011	0	0.7313308716	0.8041715622	1302.95	93.2	0	0	0	0	0	0	693.316382031	1131.82411842	4647.1547838	40.5851724413	7654.03994186	8076.67886796	91.9811432778	60.0896754578	5991.03337577
Kvon2014_chr2L_21856027_21858152	off	385	8.5	0	0	0	0	0	0	0	0	6	5.22184875	691	0	0	5.0843768119	0	1.9241960049	3.7364025116	0	0	0	0	98.665	0	0	1	0	4.62124	0	1597.122743	2082.92271436	3977.41797904	1189.42081178	6233.80443086	6112.46820424	1170.72565561	812.642171037	3542.7558496
Kvon2014_chr2R_16488564_16490770	off	4598.9	27.04	3.37	-0.433	0.746	0.724	0.186	2466.24	0	0	11.4	8.638083381	622	254	1.5584454536	6.5018615723	2.416088581	3.3887386322	2.4880590439	1.6066660881	2.7818260193	4.2846517563	0	178.585	0	0	0	2	401.105	1607.21	1465.74663653	2240.67931554	6413.40465827	239.080403814	7654.03994186	8076.67886796	477.749639589	237.286827461	6105.3966246
Kvon2014_chr2R_18933567_18934167	off	1093.8	16.83	0	1.328	0.0365	0	0	1233.12	0	0	1.31	4.638272164	0	286	1.1714348793	5.3977255821	0	2.9930911064	2.6341147423	2.0311641693	0	1.0916962624	0	200.35	0	1610.3	1	1	176.522	0	4409.60779487	4628.75835999	6890.81208621	1358.75790257	7979.22677194	8044.35446489	1693.07805596	2488.14524104	6893.09702578
Kvon2014_chr2L_8829475_8831714	off	0	0	0	0	0.9035	0	0	0	0	3578.72	0.59	0.407447979	0	0	4.7272529602	4.0775318146	3.1266770363	2.7547359467	2.6846592427	2.7526283264	1.6202030182	0	0	362.75	0	0	1	0	0	2952.77	2928.09341712	4221.41796585	7095.84809788	501.654183576	8232.40361767	8369.44116954	1101.20015003	1024.72429047	7069.26392843
Kvon2014_chr3R_27435412_27437516	off	0	6.18	0	0	-0.273	0	0	4156.76	0	3790.6	0	2.089482314	784	0	0	3.7707977295	0	0	1.9655914307	0	1.6800642014	0	0	162.37	1177.73	1649.29	0	0	0	1519.99	1326.77207035	2036.58759452	6854.56082625	996.459937333	8193.42279962	7983.29056678	676.508142073	529.538662896	6813.6180967
Kvon2014_chr2L_9330774_9331381	off	0	0	0	0	0	0	0	1270.21	0	0	3.81	0	308	0	0.6182136536	1.9297108651	0	0	0.9617176056	0	0	0	1165.21	139.77	0	0	1	1	17.238	1270.81	1236.80465718	2765.78439482	5763.90768006	1046.59926471	7892.44755245	7838.92972276	887.873070733	1090.66204243	6194.88589039
Kvon2014_chr2L_4028880_4031424	off	1409	6.65	0	0.543	2.7335	0	1.733	2639.31	2543.96	0	6.94	3.962573502	621	523	0.9244022369	1.699037075	0	1.843506813	3.287144661	0	4.9111762047	0	0	333.305	0	1350.41	0	0	0	0	300.577377104	821.54618836	5210.22777451	119.064465409	7333.89813173	3196.55571541	170.754716981	84.4258341328	5315.42943135
Kvon2014_chr2L_19190262_19192474	off	92.1	10.59	0	0.254	-0.9575	0	0.35	3847.71	2382.96	1421.41	0	0.40529593	0	0	0	0	0	0	1.6515183448	0	0	0	0	182.085	0	0	0	0	60.7994	0	1040.58785607	1684.16534771	6498.60681984	869.122965642	8073.33364128	8003.71140517	1881.14569988	261.17813741	6576.35138912
Kvon2014_chr3L_17588494_17590755	off	0	0	0	0	-1.0755	0	0	2676.4	1203.86	1359.09	0	0	0	0	0	0	0	0	0	0	0	0	1553.4	195.643333	0	0	0	0	0	1519.99	2343.196134	2853.02701319	6148.03692	617.818461293	7528.44582087	7573.47396906	462.004126263	1064.40539491	5219.58163139
Kvon2014_chr2R_18578355_18580168	off	3689.9	20.25	5.41	1.996	3.2645	0.831	2.261	0	0	1209.53	6	12	565	105	3.6809129715	6.5665612221	2.2429375649	3.8420777321	3.2356262207	3.2098050117	6.6639537811	3.8516101837	0	271.07	952.33	2492.9	0	1	386.9801	0	3220.47883711	3587.29584495	7043.73704541	474.778378194	7985.95244405	6838.69555701	533.920619947	841.000799827	6931.9789675
Kvon2014_chr2L_1407877_1410078	off	1223.7	21.27	0	0.964	0	0	0	0	0	2518.76	0	6	713	350	2.3034300804	9.0736455917	2.6259346009	2.8336439133	2.7381124496	2.8944797516	2.4829769135	1.6124925613	0	101.045	0	0	1	1	77.5599	1258.36	2918.8365527	3774.63143462	6839.02714114	1638.72512475	4356.96863484	8383.56734066	1515.9486184	1766.75228017	6992.77852462
Kvon2014_chr3R_16771213_16773743	off	0	0	0	0	0	0	0	2429.15	0	0	0	0	0	0	0	0	0	0	1.6125235558	0	0	0	1115.12	362.63	2580.86	3116.65	0	0	0	0	1919.04823423	2372.00095498	5493.95219743	330.005164161	7953.22429295	7849.97175192	432.776103341	757.752126003	0
Kvon2014_chr3R_2606594_2608728	off	256.3	0	0	0	0	0	0	0	0	1172.13	0	4.585026652	0	0	0	0	0	0	0.9206204414	0	1.2087988853	0	0	80.78	0	0	0	0	0	0	1727.35433686	1853.48673921	4117.17936931	1315.92850683	7187.55566551	7227.07739791	1576.17122603	847.488990995	3720.13647328
Kvon2014_chrX_3672443_3674579	off	122.4	15.01	0	-1.694	3.017	0	0	0	0	0	3.06	0	374	345	0	4.8009109498	0	1.9520053864	2.8797240257	0	4.2198646069	3.4769439697	0	321.88	0	0	1	1	138.2222	0	551.573606971	2636.79163158	6641.33079445	377.03579382	8528.07305299	8678.85631189	485.368706329	847.162382587	6948.11740928
