enhancer	status	AP	DV	A	C	P	Ectoderm	Endoderm	Mesoderm	Zelda180	Eisen2010_Caudal	Eisen2010_Knirps	Eisen2013_Giant	Eisen2013_Hunchback	Eisen2013_Bicoid	Eisen2013_Kruppel	Furlong_Snail	Furlong_Twist	KK_H3K27ac	KK_H3K4me1	MacArthur_Bicoid	MacArthur_Caudal	MacArthur_Giant	MacArthur_Hunchback	MacArthur_Hairy	MacArthur_Snail	MacArthur_Twist	MacArthur_Dorsal	Rushlow_Dorsal	White_H3K27ac	Zeitlinger1_Twist
Kvon2014_chr2L_10388040_10390080	on	ACP	Ectoderm/Endoderm/Mesoderm	on	on	on	on	on	on	77.8	0	0	0	0	0	0	1.86	2.631341288	438	0	0	1.6358880997	0	0	0	0	1.739431745	3.265729651	146.41	1	0
Kvon2014_chr2L_12079283_12081369	on	CP	Ectoderm/Mesoderm	off	on	on	on	off	on	3469.6	26.11	8.41	1.351	1.1125	1.986	1.1125	12	10.638272164	0	202	4.7432594299	3.7508411407	2.9154040813	2.4516644478	5.0786762237	1.980631768	3.810238093	8.792975181	0	0	259.8697
Kvon2014_chr2L_12080941_12083149	on	A	Ectoderm/Endoderm/Mesoderm	on	off	off	on	on	on	3565.1	26.11	8.41	1.351	1.1125	2.051	1.1125	11.1	4.638272164	0	421	4.7432594299	3.7508411407	2.9154040813	2.4516644478	5.0786762237	1.980631768	3.810238093	8.792975181	0	0	236.2787
Kvon2014_chr2L_12084893_12085799	on	ACP	Ectoderm/Mesoderm	on	on	on	on	off	on	3775.7	8.52	0	0.149	0	0	0	1.44	4.886056648	0	323	0	3.1817517281	0	0	5.0786762237	0.629879951	3.810238093	7.442223364	0	0	292.6261
Kvon2014_chr2L_12088676_12090844	on	A	Ectoderm/Mesoderm	on	off	off	on	off	on	764.3	27.26	0	0.735	1.6205	1.926	1.6205	5.7	0	0	0	2.6955213547	3.1817517281	2.3976783752	3.8928198814	2.1964769364	0.733048588	3.810238093	7.545392001	147.69	0	64.48876
Kvon2014_chr2L_12487632_12489761	on	A	Mesoderm	on	off	off	off	off	on	0	0	0	0	0	0	0	1.32	0	0	0	0	0	0	0	0.9799370766	0	1.767967097	1.767967097	0	0	1.79949
Kvon2014_chr2L_12606738_12608834	on	C	Ectoderm/Mesoderm	off	on	off	on	off	on	767.1	9.05	0	1.761	0.803	0	0.803	6	0.814752574	0	0	0	1.4777686596	2.4841609001	0.9402160645	0.83689785	0.629398262	2.894097417	4.229528178	0	1	0
Kvon2014_chr2L_12614109_12616353	on	CP	Ectoderm/Mesoderm	off	on	on	on	off	on	1675	21.48	7.81	0.326	3.086	0	3.086	5.1	3.645891561	0	0	0	3.7118544579	2.4693932533	3.6302905082	1.0096135139	0	3.183051705	5.499505843	118.295	2	18.6384
Kvon2014_chr2L_12615601_12617849	on	CP	Ectoderm/Mesoderm	off	on	on	on	off	on	1508.6	25.16	7.81	0.446	1.2805	0	1.2805	5.1	1.22933205	0	0	0	3.7118544579	2.4693932533	3.6302905082	1.0096135139	0	4.866450206	7.182904344	118.295	2	18.6384
Kvon2014_chr2L_12665181_12667293	on	A	Endoderm	on	off	off	off	on	off	1158.5	11.03	3.73	1.423	0.3135	1.254	0.3135	6	5.096910013	0	284	1.9985728264	1.6999077797	2.2713150978	0.8671770096	2.5896019935	2.014200927	4.059187293	7.441187383	0	2	90.84
Kvon2014_chr2L_12669220_12671417	on	A	Endoderm	on	off	off	off	on	off	819.8	9.75	0	0	0	0	0	2.07	0	0	0	0	0	2.4712381363	2.074710846	2.8538379669	0.564030788	2.354524076	3.93121805	0	0	0
Kvon2014_chr2L_12678950_12681044	on	C	Ectoderm/Mesoderm	off	on	off	on	off	on	1394.6	14.25	3.35	1.007	2.8975	0	2.8975	6	6	0	291	0	2.3507757187	2.0096259117	4.7475485802	3.9625964165	0.767221563	3.743391654	7.515943239	0	0	185.2425
Kvon2014_chr2L_13461810_13463910	on	CP	Ectoderm/Endoderm	off	on	on	on	on	off	0	0	0	0	0	0	0	0	0	0	0	0	0	0	0	0	0	0.603879015	0.603879015	0	0	0
Kvon2014_chr2L_14440355_14442469	on	A	Endoderm	on	off	off	off	on	off	94.4	35.99	8.79	0	0	0	0	6	5.195102067	0	0	0	3.9734358788	3.1967859268	1.3427553177	4.3859033584	0	6.641803056	8.674594551	115.48	1	118.27766
Kvon2014_chr2L_14476156_14478269	on	A	Ectoderm	on	off	off	on	off	off	91	0	0	0	0	0	0	0.96	0.379103294	0	0	0	0	0	0	0	0	2.372211138	3.006585369	0	0	0
Kvon2014_chr2L_14485084_14487223	on	CP	Ectoderm/Mesoderm	off	on	on	on	off	on	1111.6	27.84	4.77	1.185	3.09	0	3.09	12	6	0	362	0	3.5692324638	2.5221834183	5.9046945572	2.4792566299	1.094881114	2.704033908	6.629607117	0	0	254.3113
Kvon2014_chr2L_15331388_15333912	on	ACP	Ectoderm	on	on	on	on	off	off	2049.2	11.76	6.88	1.571	2.9235	1.071	2.9235	6	6	0	287	1.7934751511	2.6683726311	2.3204731941	4.2295546531	4.5431170464	3.111352444	2.629029455	8.550523969	0	1	286.8316
Kvon2014_chr2L_15480181_15482932	on	ACP	Mesoderm	on	on	on	off	off	on	2584.6	23.03	4.39	1.538	1.943	0.828	1.943	12	11.397940009	0	606	2.4068827629	2.6142411232	2.472032547	5.5488591194	0	6.286827052	8.516450977	17.231609643	763.81	1	154.74
Kvon2014_chr2L_16349327_16351503	on	ACP	Ectoderm/Endoderm/Mesoderm	on	on	on	on	on	on	63.5	8.54	0	0	2.2195	0	2.2195	1.28	1.964450197	580	250	0	0	0	3.9269237519	0	0	2.177245528	4.304120508	0	0	86.232
Kvon2014_chr2L_16643412_16645547	on	CP	Ectoderm	off	on	on	on	off	off	143	0	0	0	0	0	0	5.22	4.744727495	0	0	0	0	0	0	0	1.061606705	0.683354974	2.590047777	0	0	0
Kvon2014_chr2L_16836_18924	on	ACP	Ectoderm/Endoderm/Mesoderm	on	on	on	on	on	on	0	0	0	0	0	0	0	0	1.253412502	0	0	0	0	0	0	0	0	0	1.293021048	77.38	0	0
Kvon2014_chr2L_17381424_17383547	on	A	Ectoderm	on	off	off	on	off	off	574.9	9.89	2.85	0	0	0	0	6	6	463	394	0	0	0	0.9921841621	2.4266629219	0.870572847	2.612665485	5.578614711	261.13	1	273.258
Kvon2014_chr2L_17748587_17750842	on	ACP	Mesoderm	on	on	on	off	off	on	948.5	14.56	3.1	0	0.0315	0	0.0315	6	6	0	0	0	2.5979971886	0	0	0	0	9.81289795	12.832457374	150.815	0	432.906
Kvon2014_chr2L_17753976_17756084	on	ACP	Mesoderm	on	on	on	off	off	on	101.3	9.66	0	0	-0.2705	0	-0.2705	6	6	0	0	0	0	0	0	0	0	2.284265686	3.977492332	0	0	211.8831
Kvon2014_chr2L_18031_20238	on	ACP	Ectoderm/Endoderm/Mesoderm	on	on	on	on	on	on	0	0	0	0	0	0	0	0	1.253412502	0	100	0	0	0	0	0	0	0	0.887657859	77.38	0	0
Kvon2014_chr2L_18893565_18895695	on	ACP	Ectoderm	on	on	on	on	off	off	3045.1	18.08	0	2.89	-1.2235	0	-1.2235	6	10.886056648	0	265	1.0297584534	2.3868618011	3.4785351753	0	2.7635149955	0.653808773	2.89931204	5.219256825	0	0	120.4632
Kvon2014_chr2L_1956400_1958532	on	A	Ectoderm	on	off	off	on	off	off	628.7	5.3	3.63	0	0	0	0	5.7	3.772113295	0	0	3.7931571007	0	2.3725743294	3.1258773804	3.081401825	0.656221807	2.620386485	4.71123173	0	0	41.3079
Kvon2014_chr2L_1958014_1960258	on	A	Ectoderm	on	off	off	on	off	off	628.7	5.3	3.63	0	0	0	0	5.7	0	0	0	3.7931571007	0	2.3725743294	3.1258773804	3.081401825	0.656221807	3.577013517	6.638014758	0	0	0
Kvon2014_chr2L_1959777_1961930	on	A	Ectoderm	on	off	off	on	off	off	463.4	3.99	0	0	0	0	0	0	5.698970004	0	0	1.1678161621	0	2.4912486076	2.0069799423	4.3299446106	0	1.737270832	2.707426828	0	0	0
Kvon2014_chr2L_20767347_20768825	on	CP	Ectoderm/Mesoderm	off	on	on	on	off	on	1967.3	32.81	12.03	1.356	3.2495	0.82	3.2495	6	6	0	340	1.9866161346	3.7979521751	3.2058734894	6.8438768386	4.0561094284	1.973175764	4.318878136	9.448730333	245.8	1	81.0118
Kvon2014_chr2L_20967302_20969446	on	P	Endoderm	off	off	on	off	on	off	328.3	5.62	0	0	0	0	0	8.38	5.522878745	0	0	0	0	0	0	0	0	2.313745677	3.612188398	0	1	140.487
Kvon2014_chr2L_2163674_2165773	on	ACP	Ectoderm	on	on	on	on	off	off	6923.7	18.44	5.13	2.039	0.6575	1.196	0.6575	6	6	699	338	2.8209075928	2.7628779411	2.479309082	2.3028867244	2.8816742897	3.221716601	5.367299249	11.356982513	189.065	0	347.032
Kvon2014_chr2L_2180633_2182789	on	A	Ectoderm	on	off	off	on	off	off	242.6	6.47	4.33	0.732	-0.821	0	-0.821	6	10.795880017	0	0	0	0	1.9260697365	0.9164452553	0	0.733337969	2.667411208	5.506885678	0	0	251.6926
Kvon2014_chr2L_21843469_21845803	on	CP	Ectoderm/Mesoderm	off	on	on	on	off	on	139	9.84	0	0	0	0	0	5.52	6	0	0	0	0	0	0	0.7973842621	0	4.480613393	6.787463967	0	0	154.5564
Kvon2014_chr2L_250756_251202	on	ACP	Ectoderm/Endoderm/Mesoderm	on	on	on	on	on	on	0	0	0	0	1.9905	0	1.9905	0	2.994390555	681	0	0	0	0	0	0	0	3.67500322	6.343713564	0	0	0
Kvon2014_chr2L_26520_27246	on	A	Ectoderm/Mesoderm	on	off	off	on	off	on	1346.7	10.54	0	0	2.2765	0	2.2765	5.7	6	672	335	0	2.2931604385	3.0318841934	4.9947314263	2.2874085903	0.98969409	3.76272945	6.710966364	0	0	186.943
Kvon2014_chr2L_2752765_2754884	on	ACP	Ectoderm/Endoderm/Mesoderm	on	on	on	on	on	on	264.9	18.41	3.49	-0.424	1.0665	0	1.0665	7.79	5.522878745	466	391	1.9524536132	1.8757286072	0	2.97174263	3.6002893448	0	3.14846664	5.752418507	0	1	165.73656
Kvon2014_chr2L_3816924_3819029	on	ACP	Ectoderm/Mesoderm	on	on	on	on	off	on	336.4	4.29	0	0.06	1.72	0	1.72	6	5.397940009	0	0	0	0	0	2.7309713363	3.077432394	0.697087596	4.678409583	8.856977104	0	1	465.0514
Kvon2014_chr2L_3827045_3829231	on	A	Ectoderm/Mesoderm	on	off	off	on	off	on	220.8	0	4.47	0.27	0	1.14	0	5.22	4.638272164	0	0	2.2359704971	0	2.0288786888	0	0.9654741287	0	4.678409583	8.159889508	0	0	131.43676
Kvon2014_chr2L_3828414_3830695	on	A	Ectoderm	on	off	off	on	off	off	65.8	0	4.47	0.27	0	1.14	0	0	0	0	0	2.2359704971	0	2.0288786888	0	0.9654741287	0	4.678409583	8.159889508	0	0	0
Kvon2014_chr2L_4280575_4283186	on	CP	Ectoderm	off	on	on	on	off	off	5266.9	17.97	5	0.924	1.029	0.882	1.029	6	6	522	260	1.9505815506	2.585351944	2.0868742466	1.5455446244	2.8837678432	2.664095501	7.004294574	12.21369783	718.36	1	443.2431
Kvon2014_chr2L_5628723_5630872	on	ACP	Ectoderm/Endoderm/Mesoderm	on	on	on	on	on	on	0	3.47	0	0	0	0	0	4.27	0	0	0	0	0	0	0	0	0	4.233810817	4.233810817	0	0	0
Kvon2014_chr2L_598791_601002	on	A	Ectoderm/Mesoderm	on	off	off	on	off	on	458.2	5.29	4.4	0	0	0	0	5.3	0.393664862	0	0	3.5880241394	0	0	2.2326617241	0	0	2.732093304	5.56445621	105.99	0	0
Kvon2014_chr2L_8415707_8417823	on	AC	Ectoderm/Endoderm	on	on	off	on	on	off	1922.1	14.63	0	0.789	0.6465	0.662	0.6465	6	3.829738285	802	215	0.7029881477	1.7833914757	0	1.9056434631	2.9609951973	2.492819399	3.805293262	9.342089389	0	1	379.4668
Kvon2014_chr2L_8788380_8790493	on	C	Ectoderm	off	on	off	on	off	off	434.2	0	0	1.268	1.4685	0	1.4685	0	0	0	0	0	0	1.8804159164	2.2417097091	0	0	1.091460312	1.465743906	0	0	0
Kvon2014_chr2L_8831294_8833463	on	A	Ectoderm	on	off	off	on	off	off	2815.7	16.67	3.89	1.539	2.17	1.618	2.17	6	4.602059991	0	458	3.1266770363	2.7547359467	2.7526283264	2.5482091904	0.8240828514	4.3502365	3.12065276	9.418242861	362.75	1	87.2609
Kvon2014_chr2L_8839795_8842046	on	A	Mesoderm	on	off	off	off	off	on	5177.8	26.27	4.96	1.205	2.1105	1.003	2.1105	6	6	491	267	2.2607588768	2.8272533417	2.3756914139	4.1619017124	1.5043067932	4.55700167	5.755300466	13.383448624	294.35	2	170.974
Kvon2014_chr2L_8841573_8843738	on	AP	Ectoderm/Mesoderm	on	off	on	on	off	on	5290.5	22.1	4.96	0.152	2.1105	1.003	2.1105	11.52	10.013228266	491	267	2.2607588768	2.8272533417	2.3756914139	4.1619017124	1.5043067932	4.55700167	5.755300466	13.383448624	294.35	2	170.974
Kvon2014_chr2L_8843345_8845442	on	A	Mesoderm	on	off	off	off	off	on	177.3	16.44	0	0.822	0	0	0	5.52	4.013228266	0	0	0	3.5525808334	0	4.6953802109	0	1.625494427	5.059636699	9.756277614	131.67	1	24.0504
Kvon2014_chr2L_8848475_8850634	on	ACP	Ectoderm/Mesoderm	on	on	on	on	off	on	206.5	7.75	0	0	0	0	0	6	5.522878745	0	0	0	3.5525808334	0	0	0.9442882538	2.979074029	5.104238398	9.391654705	0	1	394.5261
Kvon2014_chr2L_9581706_9584274	on	A	Mesoderm	on	off	off	off	off	on	541.7	9.23	3.19	2.026	0.2225	1.771	0.2225	7.34	7.698622708	0	0	2.1271533966	0	2.2509641647	1.6255636215	6.6800303458	0	4.644987022	6.711240965	0	1	190.8176
Kvon2014_chr2L_9969903_9972058	on	AC	Ectoderm	on	on	off	on	off	off	71.5	5.08	0	-0.229	1.3275	0.559	1.3275	6	2.294050805	0	0	0	0	0	0.9217214584	0	0.559587479	2.966373834	4.761796753	0	0	0
Kvon2014_chr2R_10060721_10062851	on	ACP	Ectoderm/Endoderm/Mesoderm	on	on	on	on	on	on	225.4	5.47	0	-0.605	-1.1125	0	-1.1125	4.77	0	568	263	0	1.9576129913	0	0	3.1530160904	0	1.819395661	4.265621781	0	0	315.0886
Kvon2014_chr2R_10686988_10689103	on	A	Ectoderm/Mesoderm	on	off	off	on	off	on	632.1	4.58	0	0.281	0.9375	0.62	0.9375	8.57	0.60046126	0	0	0.9347286224	0	0	0	0	0	1.138363272	2.926374038	0	0	21.7384
Kvon2014_chr2R_10921344_10923510	on	CP	Ectoderm	off	on	on	on	off	off	190.5	7.95	0	0.067	-0.1205	0	-0.1205	0	3.283996656	0	0	0	0	0	0	0.960562706	0	1.529488427	2.702165467	0	1	56.172
Kvon2014_chr2R_11016930_11019079	on	ACP	Ectoderm/Mesoderm	on	on	on	on	off	on	5590.2	16.71	0	-0.001	0	0	0	12	10.055517328	510	352	0	2.3595495224	0	3.4024443626	1.9356031417	1.633853183	2.424588372	6.802638119	469.175	0	207.2484
Kvon2014_chr2R_11416053_11418320	on	ACP	Ectoderm/Endoderm/Mesoderm	on	on	on	on	on	on	2002.2	15.75	0	0.565	2.428	0	2.428	6	2.58642064	508	261	0	1.8050765991	1.7165541649	3.896206379	1.8703904152	0.628381521	6.409427482	8.577458788	0	0	185.7058
Kvon2014_chr2R_11417613_11419772	on	ACP	Ectoderm/Endoderm/Mesoderm	on	on	on	on	on	on	2514.2	10.98	0	0.565	2.834	0	2.834	6	1.788399771	508	261	0	1.8050765991	1.7165541649	3.896206379	1.8703904152	0.628381521	4.094262439	6.262293745	168.17	0	113.82965
Kvon2014_chr2R_11488116_11490255	on	P	Endoderm	off	off	on	off	on	off	135	0	0	0	0	0	0	5.43	0	0	0	0	0	0	0	0	0	0	1.00885886	0	0	0
Kvon2014_chr2R_11784916_11787077	on	ACP	Ectoderm	on	on	on	on	off	off	4055.4	19.88	0	2.979	0.037	1.36	0.037	12	11.522878745	609	456	3.1480073929	2.5393829346	4.494202137	2.9310884476	2.7936444283	2.346201165	2.37243344	6.954357726	0	0	330.699
Kvon2014_chr2R_11791820_11794001	on	ACP	Ectoderm	on	on	on	on	off	off	0	5.68	0	-0.042	0	0	0	6	4.080921908	0	0	0	0	0	0	0	0	4.216021714	5.010805932	0	1	0
Kvon2014_chr2R_12671212_12673370	on	ACP	Ectoderm/Endoderm/Mesoderm	on	on	on	on	on	on	2145.8	10.25	0	0	0	0	0	6	6	429	292	0	2.3780531883	2.7928557396	2.5786619187	0	0.742144529	3.168698507	5.913572901	0	0	181.4579
Kvon2014_chr2R_12672480_12674566	on	CP	Ectoderm/Endoderm/Mesoderm	off	on	on	on	on	on	2145.8	6.46	0	0	0	0	0	6	6	429	292	0	2.3780531883	2.7928557396	2.5786619187	0	0.742144529	3.168698507	5.913572901	0	0	136.317
Kvon2014_chr2R_13690317_13692404	on	A	Endoderm	on	off	off	off	on	off	3145.2	24.35	3.78	0.819	2.345	0.632	2.345	6	0	576	320	1.559885025	2.8064124584	0	3.7139730454	0.9472472668	5.891897492	1.842031703	11.15798494	0	0	55.2735
Kvon2014_chr2R_13783038_13785137	on	A	Mesoderm	on	off	off	off	off	on	69.2	0	0	0	0	0	0	11.4	6	0	0	0	0	0	0.6473312378	0	0.752679507	2.415951788	3.715189262	0	0	146.306
Kvon2014_chr2R_14961789_14964013	on	A	Mesoderm	on	off	off	off	off	on	0	0	0	0	0	0	0	0	0	0	0	0	0	0	0	0	0	2.02968115	2.02968115	0	0	0
Kvon2014_chr2R_16131749_16132929	on	A	Ectoderm/Mesoderm	on	off	off	on	off	on	468.5	3.89	0	0	0	0.716	0	0	0	645	259	0.7613096237	0	0	0	0	0.602301373	0.83984504	2.731477968	0	1	21.7384
Kvon2014_chr2R_16327602_16329798	on	P	Endoderm	off	off	on	off	on	off	0	0	0	0	0	0	0	0.71	0	0	0	0	0	0	0	0	0	0.645542526	0.645542526	0	0	0
Kvon2014_chr2R_16331228_16333297	on	ACP	Ectoderm	on	on	on	on	off	off	0	0	0	0	0	0	0	0	0	0	0	0	0	0	0	0	0	0.517675686	0.517675686	0	0	0
Kvon2014_chr2R_16483505_16485613	on	A	Ectoderm/Endoderm/Mesoderm	on	off	off	on	on	on	166.5	0	0	0.608	0	1.717	0	0.58	0	0	254	3.3122763634	0	0	0.8782548904	0	0	3.106847819	5.548667636	131.28	1	0
Kvon2014_chr2R_16485203_16487344	on	A	Ectoderm/Endoderm/Mesoderm	on	off	off	on	on	on	358.7	12.6	0	1.132	0.0425	1.717	0.0425	0.36	7.422289959	622	254	3.3122763634	0	0	0.8782548904	1.5548920631	0	3.106847819	5.548667636	131.28	1	0
Kvon2014_chr2R_16486928_16489009	on	AC	Ectoderm/Endoderm/Mesoderm	on	on	off	on	on	on	3053.7	12.6	0	0.524	0.0425	0.724	0.0425	6	6	622	254	2.416088581	1.8602151871	1.6066660881	0.7123270035	3.177883625	1.375255024	3.106847819	6.92392266	0	1	189.4675
Kvon2014_chr2R_18295742_18296194	on	ACP	Mesoderm	on	on	on	off	off	on	168.8	5.36	0	0.505	0	0	0	6	6	0	0	0	0	0	0	2.7837452889	0	3.648889363	5.519341683	0	1	1377.85
Kvon2014_chr2R_18689548_18691090	on	ACP	Endoderm/Mesoderm	on	on	on	off	on	on	2040	10.49	3.42	0.784	0	1.244	0	5.15	6	607	306	2.0142302513	2.798825264	1.9958758354	5.0908818245	1.1362838745	0	3.775363326	6.511876702	0	0	623.325
Kvon2014_chr2R_18935617_18937915	on	ACP	Mesoderm	on	on	on	off	off	on	176.2	8.54	0	0	1.1515	0	1.1515	6.73	6	0	0	0	2.1424751282	0	2.4002923966	2.1560268402	0	3.157357552	5.599057832	147.735	2	354.366
Kvon2014_chr2R_18937404_18939496	on	ACP	Mesoderm	on	on	on	off	off	on	176.2	8.54	0	0	1.1515	0	1.1515	6	8.485186705	0	0	0	2.1424751282	0	2.4002923966	2.1560268402	0	3.157357552	5.599057832	147.735	1	380.383
Kvon2014_chr2R_19464331_19466551	on	AP	Endoderm	on	off	on	off	on	off	1144.1	11.98	0	1.066	0.4385	0	0.4385	5.4	3.425968732	673	298	0.6710586548	1.8043985367	2.1368756294	0.7405281067	1.4067821503	0	1.310176457	4.400779332	0	0	0
Kvon2014_chr2R_20163256_20165354	on	AC	Mesoderm	on	on	off	off	off	on	1872.3	9.6	3.19	0	0.852	0	0.852	4.29	6	264	201	0	1.6315836906	0	0	3.1770429611	0.582350612	2.873861201	5.256086455	0	0	0
Kvon2014_chr2R_20288714_20290291	on	ACP	Ectoderm/Endoderm/Mesoderm	on	on	on	on	on	on	67.5	4.12	0	-0.238	0.913	0	0.913	0	0	729	0	0	0	0	2.491522789	0	0	0.983228207	2.941279889	0	0	67.9156
Kvon2014_chr2R_20400628_20402887	on	CP	Ectoderm/Mesoderm	off	on	on	on	off	on	1083.5	4.1	0	1.351	1.85	0	1.85	7.25	0	587	310	0	0	2.2063302994	3.3634252548	0	1.021467377	0.731107108	3.223993343	0	0	0
Kvon2014_chr2R_20687019_20689166	on	A	Ectoderm	on	off	off	on	off	off	1202.5	6.61	5.45	0.405	0.2135	1.616	0.2135	5.22	0	0	0	2.5687260628	0	0	0	0	1.382669171	0.68856141	3.800446441	0	0	35.9878
Kvon2014_chr2R_20695143_20697250	on	AC	Ectoderm/Mesoderm	on	on	off	on	off	on	457.7	3.87	0	0.411	0.0705	1.599	0.0705	3.55	0	0	0	2.9214043617	0	0	0.9241862297	0	0	0	0.878248635	0	0	46.358
Kvon2014_chr2R_20730821_20733011	on	A	Endoderm	on	off	off	off	on	off	445.1	4.8	0	1.308	1.0195	0.439	1.0195	4.52	5.096910013	0	0	0	0	1.9468955994	1.0310072899	4.0688719749	0	3.739516671	5.522858794	0	0	403.845
Kvon2014_chr2R_20956501_20958679	on	A	Ectoderm	on	off	off	on	off	off	0	0	0	0.053	-0.305	0.864	-0.305	0	0.329592708	0	0	1.8717637062	0	1.6223211288	0	1.9980287552	0	0.507922113	0.880983349	0	0	0
Kvon2014_chr2R_20994309_20996417	on	P	Endoderm	off	off	on	off	on	off	1066.3	0	0	0.377	0	1.665	0	0	0	0	0	2.9057188034	0	0	0	0	0	0	0.500767904	0	1	0
Kvon2014_chr2R_21021952_21024092	on	A	Ectoderm/Mesoderm	on	off	off	on	off	on	240.8	0	0	0.37	0.7515	0.316	0.7515	0	0	0	0	0	0	0	0	0	0	0.927111289	1.345899901	0	0	76.117
Kvon2014_chr2R_21078259_21080335	on	P	Ectoderm	off	off	on	on	off	off	66.9	0	0	0	0	0	0	2.33	0	0	0	0	0	0	0	0	0	0.843915999	1.322572768	0	1	17.8594
Kvon2014_chr2R_21098786_21100962	on	P	Endoderm	off	off	on	off	on	off	244.3	0	0	0	0.9975	0	0.9975	0	0	0	0	0	0	0	1.7447700501	0	0	1.0237613	1.0237613	0	1	17.7766
Kvon2014_chr2R_21108595_21110685	on	C	Ectoderm/Mesoderm	off	on	off	on	off	on	2441	9.09	4.49	1.254	4.4085	2.49	4.4085	6	2.177505015	0	293	5.3699207306	3.1689620018	3.2632937431	8.0693802833	2.2767724991	0.897438947	1.16891861	4.535420278	141.385	1	0
Kvon2014_chr2R_2499708_2501858	on	P	Endoderm	off	off	on	off	on	off	1743.7	12.93	0	0.354	1.8245	-0.901	1.8245	6	3.087246696	556	353	0	1.7706458569	1.9455704689	3.998112917	2.4241080284	0.702657759	1.743160814	4.925239108	192.78	2	0
Kvon2014_chr2R_2583575_2585628	on	ACP	Ectoderm/Endoderm/Mesoderm	on	on	on	on	on	on	0	6.67	0	-0.235	0	0	0	0.49	0.592316831	413	0	0	0	0	0	0	0	0.96057286	2.460089403	0	0	54.5481
Kvon2014_chr2R_3313624_3315739	on	AP	Endoderm	on	off	on	off	on	off	0	0	0	0	0	0	0	0	6	0	0	0	0	0	0	0	0	1.410390536	1.410390536	0	0	103.067
Kvon2014_chr2R_3933113_3935181	on	A	Ectoderm	on	off	off	on	off	off	0	0	0	0	-0.6695	0.73	-0.6695	0.91	0	0	0	1.8460307121	0	0	0	0	0	0.920512592	1.496881013	0	0	0
Kvon2014_chr2R_3936099_3938380	on	A	Endoderm	on	off	off	off	on	off	66.9	3.62	0	0.159	0.5045	1.206	0.5045	5.36	5.397940009	0	349	2.4847192764	0	0	1.0535178185	0	0	1.932281998	3.816947712	0	0	104.5768
Kvon2014_chr2R_4134452_4136542	on	CP	Ectoderm/Mesoderm	off	on	on	on	off	on	336.4	32.45	11.71	2.672	6.086	0	6.086	6	0	0	327	0	3.6917743683	4.0342936516	6.0401687622	3.6269817352	2.991128276	2.235120437	7.145879212	178.525	0	119.2907
Kvon2014_chr2R_4524687_4526814	on	ACP	Ectoderm/Mesoderm	on	on	on	on	off	on	358.7	4.34	0	-0.01	0.8455	0	0.8455	9.29	6	0	0	0	0	0	0.5573263168	2.2522761822	0	2.45143795	3.65233152	0	0	200.727
Kvon2014_chr2R_4529759_4531908	on	A	Endoderm	on	off	off	off	on	off	529.7	13.17	0	-0.102	1.2005	0	1.2005	7.13	9.222573178	0	0	1.9502944946	1.4961557388	0	2.4326896667	2.5389957428	0.842115164	2.45143795	4.494446684	0	1	184.459
Kvon2014_chr2R_4537049_4539309	on	ACP	Mesoderm	on	on	on	off	off	on	879.8	6.36	0	-1.882	0	0	0	3.64	5.522878745	377	683	0	0	0	0	3.5422234535	0	1.971040785	4.766452712	191.82	0	194.5759
Kvon2014_chr2R_4540373_4542622	on	A	Ectoderm/Mesoderm	on	off	off	on	off	on	479.4	18.97	0	0.06	0	0	0	7.47	10.124938736	668	316	1.721968174	2.4075622559	2.2045168877	4.0203824043	0	1.438777719	2.651995786	6.886185432	0	0	17.238
Kvon2014_chr2R_4542035_4544178	on	ACP	Ectoderm/Mesoderm	on	on	on	on	off	on	3744.8	18.97	0	0	0	0	0	6	5.522878745	668	316	2.3649840355	2.4075622559	2.2045168877	4.0203824043	2.3988757134	2.233587927	1.819797929	6.848797783	0	0	141.8715
Kvon2014_chr2R_4543728_4545828	on	ACP	Ectoderm/Mesoderm	on	on	on	on	off	on	4603.4	18.97	0	0.461	0	1.086	0	12	5.301029996	668	316	2.7163424492	2.4075622559	4.0937914849	4.0203824043	3.510901928	2.974457617	1.819797929	7.589667473	0	0	101.9261
Kvon2014_chr2R_4941835_4944082	on	A	Endoderm	on	off	off	off	on	off	299.8	0	0	0.621	2.0785	0.646	2.0785	2.13	0.420657779	0	0	1.1709308624	0	0	2.8090229034	0	0	1.117774709	1.540747448	0	0	0
Kvon2014_chr2R_5817792_5819902	on	AC	Mesoderm	on	on	off	off	off	on	0	0	0	0	0	0	0	6	6	0	0	0	0	0	0	0	0	2.976182111	4.182334354	0	0	1626.19
Kvon2014_chr2R_5821284_5823462	on	ACP	Mesoderm	on	on	on	off	off	on	167.6	0	0	0	0	0	0	12	6	0	0	0	0	0	0	0	0.566899805	4.797726337	6.059420629	0	0	435.2426
Kvon2014_chr2R_5861246_5863407	on	ACP	Ectoderm/Mesoderm	on	on	on	on	off	on	1134.3	19.14	12.78	2.57	2.5665	0	2.5665	9.13	8.48020767	0	327	0	3.5246582031	3.5642366409	5.4760446549	2.4180436134	0.547940588	2.025248191	5.62872202	158.255	0	213.897
Kvon2014_chr2R_5862739_5864868	on	CP	Ectoderm/Mesoderm	off	on	on	on	off	on	2411.2	19.14	12.78	2.345	2.5665	1.874	2.5665	9.31	8.48020767	0	327	4.0011930465	3.5246582031	3.5642366409	5.4760446549	4.2505507469	1.097770035	2.025248191	6.178551467	338.67	0	68.1977
Kvon2014_chr2R_5869684_5871848	on	CP	Ectoderm/Mesoderm	off	on	on	on	off	on	661.8	18.16	16.05	0	2.7485	0	2.7485	3.19	5.698970004	0	356	0	3.1938204765	1.8405785561	6.8817224502	4.0464177132	0	2.32459004	5.380123281	103.08	1	0
Kvon2014_chr2R_5871167_5873296	on	CP	Ectoderm/Mesoderm	off	on	on	on	off	on	1355.2	18.16	16.05	1.444	2.7485	2.908	2.7485	9.19	5.698970004	0	356	5.1280155182	3.1938204765	4.9500117302	6.8817224502	4.5508790016	1.370927698	2.32459004	6.751050979	265.59	1	33.3501
Kvon2014_chr2R_5872688_5874770	on	AP	Ectoderm/Mesoderm	on	off	on	on	off	on	1664.8	18.16	16.05	1.444	2.7485	2.908	2.7485	6	0	0	356	5.1280155182	3.1938204765	3.1094331741	6.8817224502	2.3369684219	2.184080061	1.463205934	6.702819236	162.51	0	79.1591
Kvon2014_chr2R_6245887_6248058	on	AP	Ectoderm/Endoderm/Mesoderm	on	off	on	on	on	on	0	0	0	0	0	-0.602	0	0	0	0	0	0	0	0	0	0	0	0.820272326	0.820272326	0	0	0
Kvon2014_chr2R_6351270_6353703	on	C	Ectoderm/Mesoderm	off	on	off	on	off	on	1446.8	3.68	0	-0.749	0	0	0	0	0	560	303	0	1.5672821999	0	2.2778506279	0	0	0.609542402	1.909752461	0	0	0
Kvon2014_chr2R_7069850_7071967	on	A	Ectoderm/Mesoderm	on	off	off	on	off	on	3355.8	14.23	0	0.339	0	0	0	2.82	0	0	372	0	1.6059322357	0	0	0.7157402039	0	3.787161212	5.705861013	178.124444	1	46.1259
Kvon2014_chr2R_7078363_7080511	on	ACP	Ectoderm	on	on	on	on	off	off	2786	19.92	3.64	0	0	0	0	6	6	0	296	3.7419977188	3.0365710258	3.0869951248	1.6647224426	3.2618453503	2.753141459	2.673884616	7.915423814	501.725	1	78.61454
Kvon2014_chr2R_7086913_7089020	on	ACP	Ectoderm/Mesoderm	on	on	on	on	off	on	536	14.13	6.96	0	0	0	0	6	6	527	296	2.8835783005	2.4127883911	3.1021499634	2.8913526535	4.0077171326	0.999844909	2.751159102	6.738625374	235.785	1	502.873
Kvon2014_chr2R_7419436_7421535	on	ACP	Ectoderm/Mesoderm	on	on	on	on	off	on	76.7	5.99	0	0.855	0.2425	0.723	0.2425	6	5.698970004	0	0	0	0	0	0	4.8453660011	1.004246487	2.140117842	4.202731105	0	0	226.818
Kvon2014_chr2R_7422999_7425114	on	ACP	Ectoderm/Mesoderm	on	on	on	on	off	on	74.9	4.57	0	0.549	0	0	0	11.4	0	0	0	0	0	0	0	7.6031599045	0	1.734149625	2.17522265	0	0	96.7684
Kvon2014_chr2R_8500209_8502359	on	A	Ectoderm	on	off	off	on	off	off	0	4.81	0	0	-0.0975	0	-0.0975	1.15	0	398	0	0	0	0	0	0.8805704117	0	3.214322708	4.607188338	123.6	0	0
Kvon2014_chr2R_8665547_8668087	on	ACP	Ectoderm/Mesoderm	on	on	on	on	off	on	1728.2	25.96	3.48	1.797	1.3555	0.798	1.3555	12	8.538051505	1135	304	1.7089886665	1.7610855103	0	7.9810318947	7.5049347879	3.608141643	5.67217403	11.798525872	0	1	740.713
Kvon2014_chr2R_9109456_9111773	on	ACP	Ectoderm/Endoderm/Mesoderm	on	on	on	on	on	on	1054.9	5.22	0	0	0.618	0	0.618	6	6	470	347	0	0	0	2.2688522339	1.9577102661	2.520279854	4.089687758	9.056475543	0	1	168.6814
Kvon2014_chr2R_9465978_9468385	on	A	Mesoderm	on	off	off	off	off	on	66.9	0	0	0.356	-1.0985	1.139	-1.0985	6	4.958607315	0	0	2.1045193672	0	0	0	0	0	0.69652462	1.476969808	98.645	0	62.9844
Kvon2014_chr2R_9505005_9507128	on	AP	Ectoderm/Mesoderm	on	off	on	on	off	on	238	15.03	0	0.161	0.0415	0	0.0415	6	0	0	431	0	1.9245052338	0	0	0	0	3.795399674	6.46434842	172.76	1	0
Kvon2014_chr3L_1081346_1083449	on	P	Endoderm	off	off	on	off	on	off	0	0	0	0	0	0	0	0	0	0	0	0	0	0	0	0	0	2.21872291	2.670878053	0	0	0
Kvon2014_chr3L_11227809_11228560	on	A	Endoderm	on	off	off	off	on	off	0	0	0	0	0	0	0	0	0	0	0	0	0	0	0	0	0	1.648214728	1.648214728	0	1	0
Kvon2014_chr3L_1167709_1169803	on	P	Endoderm	off	off	on	off	on	off	0	10.75	0	0	0	0	0	5	4.744727495	0	0	0	1.987388134	0	0.8164668083	0	0	2.742284745	4.462504745	0	1	112.934
Kvon2014_chr3L_12641178_12643551	on	AC	Ectoderm	on	on	off	on	off	off	1239.7	13	3.28	0.562	1.7775	0	1.7775	6	2.527975302	0	0	0	1.8916797638	2.1938958168	3.2803149223	0.6129808426	0	5.077899775	7.553206167	0	0	30.3674
Kvon2014_chr3L_12669013_12671112	on	A	Endoderm/Mesoderm	on	off	off	off	on	on	294.6	7.64	0	1.458	-0.5355	0.454	-0.5355	6	6	0	0	1.147799015	1.5230507851	2.4561200142	0	1.1766774654	0.681121707	6.862400512	8.528079259	0	0	722.2443
Kvon2014_chr3L_12675922_12678012	on	A	Endoderm	on	off	off	off	on	off	133.9	0	0	0.318	0	0.611	0	6	5.698970004	0	0	0	0	0	0	0	0.628173548	3.179653406	4.720517958	0	0	33.15482
Kvon2014_chr3L_13400881_13403078	on	A	Ectoderm/Mesoderm	on	off	off	on	off	on	4512.5	15.01	0	0	1.3385	0	1.3385	5.52	5.22184875	0	227	0	1.7332253456	1.7578873634	3.1970291138	5.4933569431	0.932000399	2.533660859	5.467977971	0	1	424.76
Kvon2014_chr3L_14145618_14147694	on	ACP	Ectoderm/Mesoderm	on	on	on	on	off	on	2575.5	21.82	10.71	1.961	3.07	2.25	3.07	6	6	0	218	4.6308660507	3.5461864471	3.3906824589	5.7837605477	6.5741524696	2.382359729	4.774441887	10.352882665	541.265	0	118.285
Kvon2014_chr3L_14161383_14163487	on	ACP	Mesoderm	on	on	on	off	off	on	0	0	0	0.621	0	0	0	0	1.491591496	0	0	0	0	0	0	2.9748888016	0	2.394980722	2.758434855	0	0	0
Kvon2014_chr3L_14164856_14166985	on	CP	Ectoderm/Mesoderm	off	on	on	on	off	on	1501.1	23.95	7.06	1.293	3.4305	2.409	3.4305	5.52	6	0	0	5.2469120026	3.6351728439	2.3399295807	6.5580139161	0	0.770756006	2.721720103	5.453074339	323.53	1	7.81176
Kvon2014_chr3L_14177506_14179749	on	CP	Ectoderm	off	on	on	on	off	off	335.8	19.54	0	0	0	0	0	4.85	2.0910327	0	0	0	3.356995821	2.1687192917	0.8965501785	0	0.723519325	0.876916945	2.778017848	144.305	0	0
Kvon2014_chr3L_1461311_1463834	on	ACP	Ectoderm/Mesoderm	on	on	on	on	off	on	992	15.59	4.66	1.12	1.972	0	1.972	6	6.510090715	0	320	1.7550730705	1.6685671806	2.2661995888	3.3188943862	3.024261713	6.78085604	5.804787642	14.809970197	654.265	1	258.2924
Kvon2014_chr3L_15322214_15324305	on	ACP	Ectoderm/Mesoderm	on	on	on	on	off	on	0	6.16	0	0	0.5615	0	0.5615	5.4	5.301029996	0	0	0	0	0	0	2.0351381302	0	1.7520688	3.399936339	0	1	88.61612
Kvon2014_chr3L_16036410_16038639	on	ACP	Ectoderm/Mesoderm	on	on	on	on	off	on	910.8	0	0	0	0	0	0	11.3	3.785156152	514	384	0	1.9797444344	1.8157110214	5.2259187698	0.9850406647	0	1.692422152	4.246388282	0	0	66.1287
Kvon2014_chr3L_16041647_16043743	on	ACP	Ectoderm/Endoderm/Mesoderm	on	on	on	on	on	on	1790.5	0	0	0	0	0	0	7.67	11.397940009	581	384	0	1.6544981003	0	0.7559776306	4.15218544	0	2.657707972	5.211674102	474.825	1	40.4012
Kvon2014_chr3L_16106157_16107712	on	ACP	Ectoderm/Endoderm/Mesoderm	on	on	on	on	on	on	5180.1	0	0	0	0.8275	0.743	0.8275	6	5.15490196	391	325	1.7516117096	1.9948301315	0	1.9931869507	4.1341161728	2.148363948	1.941480696	6.529619545	0	0	322.2487
Kvon2014_chr3L_17003868_17006065	on	A	Ectoderm	on	off	off	on	off	off	1224.3	10.25	5.06	0.813	0.3195	0.933	0.3195	6	6	533	336	2.2382178307	0	0	2.6363277435	3.7229542732	2.061499774	2.978785298	7.547045461	0	1	29.5238
Kvon2014_chr3L_17437262_17439559	on	P	Ectoderm	off	off	on	on	off	off	533.2	3.91	0	0.582	0	0	0	2.42	0	0	244	0	0	1.8997120857	0	0	0	0.903253275	2.169392033	100.67	0	149.635
Kvon2014_chr3L_18395141_18397272	on	AC	Ectoderm/Endoderm	on	on	off	on	on	off	0	0	0	0	0	0	0	3.27	2.762707662	0	0	0	0	0	0	0	0	0.40772144	1.075633536	0	0	0
Kvon2014_chr3L_18831969_18834169	on	P	Endoderm	off	off	on	off	on	off	232.8	9.48	0	0	0	0	0	0	4.886056648	574	301	0	0	0	0	1.1425580978	0	2.13001959	3.762281567	0	1	235.162
Kvon2014_chr3L_20020757_20022022	on	A	Ectoderm/Mesoderm	on	off	off	on	off	on	69.2	0	0	0	0	0	0	0	0	0	0	0	0	0	0	0	0	0	0.532216072	0	1	0
Kvon2014_chr3L_20284267_20286431	on	A	Ectoderm/Endoderm/Mesoderm	on	off	off	on	on	on	2177.3	0	0	0	0	0	0	5.7	3.950781977	0	503	0	0	0	0	0	0.93557927	2.035288081	4.895358816	189.1	1	0
Kvon2014_chr3L_20396551_20398733	on	ACP	Mesoderm	on	on	on	off	off	on	486.9	28.41	0	0	0	0	0	12	6	652	201	3.7598619461	4.8864202499	4.5192923545	7.9996857642	2.8766145706	3.908576573	3.666163557	10.797393154	0	1	0
Kvon2014_chr3L_20688420_20690975	on	CP	Ectoderm/Mesoderm	off	on	on	on	off	on	2651	19.39	15.28	0	0	0	0	12	9.067526236	0	0	6.700129032	3.6492362022	6.6948513985	8.0429306031	4.6274380684	0.720606595	2.709759095	5.545939633	332.21	0	76.9639
Kvon2014_chr3L_20690371_20692484	on	P	Ectoderm/Mesoderm	off	off	on	on	off	on	2142.4	19.39	8.24	0	0	0	0	6	11.397940009	0	0	5.9322071074	3.6492362022	3.3236374855	8.0429306031	3.2084407806	3.403496457	2.709759095	8.228829495	496.64	0	42.6886
Kvon2014_chr3L_20691955_20694178	on	A	Endoderm/Mesoderm	on	off	off	off	on	on	161.9	0	0	0	0	0	0	6	6	0	0	4.0731048583	0	2.2336821556	8.0429306031	0	2.682889862	2.709759095	7.5082229	298.14	0	151.7965
Kvon2014_chr3L_21338946_21341219	on	A	Ectoderm/Endoderm/Mesoderm	on	off	off	on	on	on	451.9	8.21	0	0	0	0	0	6	5.522878745	430	308	2.0483384132	2.01649189	1.7529411316	2.620320797	2.8087568283	0.745611012	2.204967916	5.558293045	0	2	76.117
Kvon2014_chr3L_22175053_22177267	on	AC	Ectoderm	on	on	off	on	off	off	99.5	0	0	0	0	0	0	0	4.657577319	0	0	0	0	1.7581505775	0	0	0.552684625	0.703996266	2.345190563	0	0	0
Kvon2014_chr3L_22392640_22394735	on	P	Endoderm	off	off	on	off	on	off	2386.1	28.32	0	0	0	0	0	6	6	558	356	1.7285728455	3.0837917328	2.5265922546	5.2406597137	3.7321338654	3.595062765	4.550177843	11.327744617	0	0	292.414
Kvon2014_chr3L_22394392_22396492	on	AP	Ectoderm/Mesoderm	on	off	on	on	off	on	6593.7	28.32	8.18	0	0	0	0	12	12	558	356	4.0628848076	3.0837917328	5.5222878456	8.3136930465	6.6802816392	3.563628618	4.550177843	11.29631047	0	0	428.149
Kvon2014_chr3L_22396142_22398260	on	A	Ectoderm	on	off	off	on	off	off	6717.8	28.32	8.18	0	0	0	0	6	6	558	356	4.0628848076	3.0837917328	2.995695591	5.513305664	4.7657256127	3.563628618	3.14732343	9.893456057	0	0	428.149
Kvon2014_chr3L_2746367_2748504	on	A	Endoderm	on	off	off	off	on	off	0	0	0	0	0	0	0	0	0	0	0	0	0	0	0	0	0	0	0.545625001	0	0	0
Kvon2014_chr3L_429373_431516	on	A	Mesoderm	on	off	off	off	off	on	0	0	0	0	0	0	0	0	0.939910598	0	0	0	0	0	0	0	0	2.125093488	2.125093488	0	0	0
Kvon2014_chr3L_542461_544728	on	ACP	Ectoderm/Endoderm/Mesoderm	on	on	on	on	on	on	271.8	6.68	0	0	0.2425	0	0.2425	1.28	2.668370282	389	193	0	2.295996666	2.2624211311	0.8517799377	1.0013260841	0	0.893481509	3.339825593	143.66	1	0
Kvon2014_chr3L_5613364_5615475	on	AP	Ectoderm/Endoderm/Mesoderm	on	off	on	on	on	on	2994.3	16.44	4.63	1.746	1.5975	1.498	1.5975	6	6	0	382	2.5309896469	3.144695282	3.9073810577	3.8262281418	1.0612945557	2.770081632	2.23230763	7.023942582	430.815	1	0
Kvon2014_chr3L_5972676_5974783	on	AP	Endoderm/Mesoderm	on	off	on	off	on	on	76.1	4.05	0	0.549	0.7115	0	0.7115	9.99	4.148741651	0	293	0	1.8225073814	0	2.1056761742	0	0.611555308	2.836606307	5.994272918	0	0	29.5238
Kvon2014_chr3L_5974396_5976514	on	ACP	Ectoderm/Mesoderm	on	on	on	on	off	on	549.7	4.05	3.27	0.549	2.846	-0.267	2.846	9.99	9.847711655	0	293	0	0	0	5.7978281975	0	0	1.336554554	3.882665857	0	0	121.969
Kvon2014_chr3L_5976078_5978250	on	A	Ectoderm	on	off	off	on	off	off	549.7	4.05	3.27	0.549	2.1345	0	2.1345	7.55	5.698970004	0	0	0	0	0	3.6921520233	0	0	1.336554554	3.882665857	0	0	92.4452
Kvon2014_chr3L_8645778_8647917	on	C	Ectoderm/Mesoderm	off	on	off	on	off	on	1376.4	25.88	19.04	2.971	2.5005	0.135	2.5005	6	6	0	0	0.7320384979	3.5474784374	4.2032833099	4.3437418937	4.1838421821	0.609953668	4.605802205	6.662687011	185.875	0	306.454
Kvon2014_chr3L_8652598_8654858	on	AC	Ectoderm/Endoderm	on	on	off	on	on	off	0	0	0	0	-0.5025	0	-0.5025	0	0.938649321	0	0	0	0	0	0	1.2431473732	0	1.338009864	1.85466242	0	1	64.9375
Kvon2014_chr3L_8656203_8658330	on	C	Ectoderm/Mesoderm	off	on	off	on	off	on	676.8	18.43	14.59	0.97	3.377	0	3.377	6	3.438898616	0	0	0	3.1282205582	3.2048916817	6.4459457397	3.9445223808	0	1.806549577	3.980298525	107.295	1	0
Kvon2014_chr3L_8657952_8660041	on	CP	Ectoderm/Mesoderm	off	on	on	on	off	on	1433.6	18.43	14.59	2.897	2.8285	1.927	2.8285	6	4.698970004	0	0	3.7139849663	3.1282205582	3.2048916817	6.4459457397	3.9445223808	0.638010586	1.806549577	4.263781127	107.295	0	86.1246
Kvon2014_chr3L_8659642_8661749	on	P	Ectoderm/Mesoderm	off	off	on	on	off	on	152.7	18.43	14.59	1.927	2.8285	1.927	2.8285	6	4.698970004	0	0	3.7139849663	3.1282205582	3.2048916817	6.4459457397	3.9445223808	0.638010586	2.720111875	5.177343425	0	0	60.8045
Kvon2014_chr3L_8661294_8663516	on	AP	Ectoderm/Endoderm/Mesoderm	on	off	on	on	on	on	3514.8	30.74	5.56	2.325	4.0905	1.407	4.0905	6	4.327902142	0	385	3.4099502563	3.8205370903	3.2556886673	7.0631561279	2.7351660728	1.490307872	3.184874598	6.976991557	226.55	0	61.5249
Kvon2014_chr3L_8668725_8670845	on	ACP	Ectoderm	on	on	on	on	off	off	5923.8	13.85	4.19	0	1.42	0	1.42	10.21	4.585026652	0	0	1.3092155457	1.6773433685	0	1.8762702942	5.5567779542	1.771832197	2.128870274	6.370942682	0	0	248.5821
Kvon2014_chr3L_8672251_8674468	on	A	Ectoderm/Mesoderm	on	off	off	on	off	on	0	0	0	0	0	0	0	2.52	0	0	0	0	0	0	0	0	0	0.610113287	0.610113287	0	0	0
Kvon2014_chr3L_8822268_8824419	on	ACP	Ectoderm	on	on	on	on	off	off	3656.1	12.51	2.77	2.004	0.1635	0.603	0.1635	6	4.823908741	0	316	0	1.9667448998	3.0089197159	0.711933136	1.062669754	2.927707279	1.747398545	6.670383425	0	1	0
Kvon2014_chr3L_9796953_9797904	on	AC	Mesoderm	on	on	off	off	off	on	1403.9	6.82	0	-0.381	-0.3505	0	-0.3505	5	0.804609628	0	0	0	0	0	0	0	0	2.502215683	3.842683851	0	1	25.3201
Kvon2014_chr3L_9797330_9797598	on	C	Mesoderm	off	on	off	off	off	on	1403.9	6.82	0	-0.381	-0.3505	0	-0.3505	5	0.804609628	0	0	0	0	0	0	0	0	2.502215683	3.842683851	0	1	25.3201
Kvon2014_chr3R_10505242_10507354	on	ACP	Ectoderm/Mesoderm	on	on	on	on	off	on	2563.5	16.4	4.14	1.387	1.599	1.184	1.599	6	6	0	299	2.9111366272	3.1940975189	2.3533468246	2.2701301575	2.9052731991	5.094614691	7.339618966	14.686296931	307.04	0	185.198
Kvon2014_chr3R_10508753_10510847	on	A	Ectoderm	on	off	off	on	off	off	493.1	0	0	0.704	0	0.678	0	3.94	0	0	0	0	0	1.9712388515	0	2.3000898361	0	2.269766361	2.922306372	0	0	0
Kvon2014_chr3R_10542399_10544607	on	ACP	Mesoderm	on	on	on	off	off	on	166.5	12.03	0	0	0	0	0	6	6	687	396	0	1.8997616768	0	0	0	0.538151489	6.209414363	9.3882067	0	2	99.7978
Kvon2014_chr3R_10546093_10548201	on	ACP	Mesoderm	on	on	on	off	off	on	222	5.64	0	-0.355	0	0	0	0	4.823908741	0	381	0	0	0	0	0	0	3.358831346	5.999472194	0	2	58.1212
Kvon2014_chr3R_10863765_10866026	on	A	Mesoderm	on	off	off	off	off	on	0	0	0	0	0	0	0	6	3.860120914	0	0	0	0	0	0	0	0	4.089678064	4.58467363	137.815	0	0
Kvon2014_chr3R_11465500_11467714	on	P	Endoderm	off	off	on	off	on	off	0	0	0	0.305	-1.0005	0.026	-1.0005	8.82	6.988091386	0	0	0	0	0	0	0	0	3.83907924	4.254339343	0	1	187.33976
Kvon2014_chr3R_11811918_11814017	on	A	Mesoderm	on	off	off	off	off	on	1848.3	16.44	5.39	0	0	0	0	11.7	5	0	269	0	2.730717659	3.3558526039	0	7.8167512416	2.140735715	5.068835393	9.771605266	382.37	0	264.4294
Kvon2014_chr3R_12066745_12068875	on	A	Ectoderm/Mesoderm	on	off	off	on	off	on	3267.1	9.95	0	0	1.231	0	1.231	6.88	11.522878745	409	276	0	2.2881629467	0	2.2167854309	3.0270705223	0	3.928377533	7.276550734	0	1	324.891
Kvon2014_chr3R_12075311_12077425	on	ACP	Ectoderm/Endoderm/Mesoderm	on	on	on	on	on	on	5463.9	17.51	0	1.994	1.0015	1.112	1.0015	6	6	595	325	2.5473046303	2.3310937881	3.1582202911	3.0301809311	1.3988542557	0.95772617	3.901486842	8.207386213	0	1	202.1499
Kvon2014_chr3R_12076924_12079107	on	A	Ectoderm/Mesoderm	on	off	off	on	off	on	4716.1	17.51	0	1.994	1.0015	0.585	1.0015	6	6	595	325	2.5473046303	2.3310937881	3.1582202911	1.4839496613	1.3988542557	0.95772617	3.901486842	8.207386213	0	1	97.2075
Kvon2014_chr3R_12524782_12526937	on	CP	Ectoderm/Mesoderm	off	on	on	on	off	on	2545.7	21.71	0	0.307	2.351	0	2.351	6	6	1356	275	0	3.0022964478	0	3.8892707825	3.2358667851	0.93386263	4.753378748	8.822818608	181.255	1	161.373
Kvon2014_chr3R_12526519_12528610	on	CP	Ectoderm/Endoderm/Mesoderm	off	on	on	on	on	on	2890.1	32.4	3.9	0.56	2.933	0.415	2.933	12	9.869666232	1356	627	0	3.0022964478	0	3.8892707825	6.2166988851	1.762528006	4.753378748	9.651483984	388.715	1	256.2573
Kvon2014_chr3R_12617439_12619540	on	CP	Ectoderm/Mesoderm	off	on	on	on	off	on	266	8.17	0	0	0	0	0	6	1.40162539	0	0	0	1.4274950027	0	2.5870404244	0.8944673538	0.884987354	1.101326897	2.588238839	194.47	0	0
Kvon2014_chr3R_12635558_12637851	on	CP	Ectoderm/Mesoderm	off	on	on	on	off	on	3465	14.61	4.45	1.266	1.8745	0	1.8745	9.05	3.872895202	0	319	0	2.6542510986	2.5025939941	2.8225421905	3.7796106338	1.085773528	4.115403906	8.185964517	0	0	463.7931
Kvon2014_chr3R_12646484_12648595	on	P	Ectoderm/Mesoderm	off	off	on	on	off	on	1195.6	11.44	2.85	1.469	2.6225	0	2.6225	6	6	0	348	0	3.2633485794	2.6802139282	4.3396677971	1.9124670029	0	4.452680195	5.742720997	0	1	32.59596
Kvon2014_chr3R_12664710_12666865	on	CP	Ectoderm/Mesoderm	off	on	on	on	off	on	649.9	17.75	0	1.331	2.2175	-0.119	2.2175	6	5.397940009	0	0	0	3.2197580338	2.9606294632	4.10028553	1.1119847298	0.699566722	5.485915959	7.763291985	138.53	1	168.377
Kvon2014_chr3R_12673667_12675768	on	CP	Ectoderm/Mesoderm	off	on	on	on	off	on	632.2	13.7	0	0.797	1.2985	0	1.2985	4.79	3.021819483	0	280	0	2.7144141197	2.223377943	2.6624443531	2.3374700546	0	2.796712539	5.273410966	0	1	135.1676
Kvon2014_chr3R_12716036_12718170	on	CP	Ectoderm/Endoderm/Mesoderm	off	on	on	on	on	on	553.2	21.34	5.32	0.509	1.7625	0	1.7625	6	6	0	0	0	3.3990535736	1.7626962662	3.6835465431	0.8233356476	0.645421926	5.667752154	8.269090569	143.835	1	157.414
Kvon2014_chr3R_12717726_12719854	on	P	Ectoderm/Mesoderm	off	off	on	on	off	on	553.2	21.34	5.32	0.509	1.7625	0	1.7625	6	9.080921908	0	0	0	3.3990535736	1.7626962662	3.6835465431	0.8233356476	0.645421926	5.667752154	8.269090569	143.835	1	213.7654
Kvon2014_chr3R_12726430_12728642	on	P	Ectoderm/Mesoderm	off	off	on	on	off	on	147	11.14	4.51	1.059	1.4335	0	1.4335	0	0	0	0	0	2.1077923775	0	2.8489632606	0	0	2.039192259	4.490646481	0	0	30.9494
Kvon2014_chr3R_12747382_12749489	on	P	Ectoderm/Mesoderm	off	off	on	on	off	on	1407.3	23.85	10.53	2.5	1.0815	1.361	1.0815	6	6	0	236	1.271343708	4.6415529251	3.5898003578	2.1090216636	4.4110269546	0	6.215073525	8.771819144	158.595	0	45.809
Kvon2014_chr3R_12776398_12778564	on	P	Ectoderm/Mesoderm	off	off	on	on	off	on	207.1	13.32	3.74	0.493	0.3275	0	0.3275	0.49	10.920818754	0	0	0	2.4215297699	0	0	0	0	2.219429125	3.564719434	0	0	61.4375
Kvon2014_chr3R_12783420_12785609	on	P	Ectoderm/Mesoderm	off	off	on	on	off	on	101.3	9.44	0	0	0.0805	0	0.0805	0	0	0	492	0	0	0	0	0	0	3.880474006	6.606224144	140.115	0	76.6387
Kvon2014_chr3R_15140147_15142388	on	ACP	Ectoderm/Mesoderm	on	on	on	on	off	on	3069.2	7.16	0	0.049	1.6885	0.144	1.6885	5.7	0	699	301	0	1.4782805443	0	2.9604716301	0	0	1.492019345	2.779466152	0	1	11.9501
Kvon2014_chr3R_15155570_15157698	on	ACP	Mesoderm	on	on	on	off	off	on	1841.5	12.99	0	0	0	0	0	12	6	518	358	0	2.1608858109	2.9396800995	5.9895191193	0	2.773138299	4.452455193	8.875718805	121.955	0	256.711
Kvon2014_chr3R_15157311_15159508	on	ACP	Ectoderm/Endoderm	on	on	on	on	on	off	2380.4	12.99	0	0	0	0	0	6	6	518	358	0	2.1608858109	2.9396800995	2.568420887	0.8565664291	1.765652376	4.452455193	7.868232882	0	0	203.6254
Kvon2014_chr3R_15159101_15161276	on	P	Endoderm	off	off	on	off	on	off	354.1	0	0	0	0	0	0	1.1	2.115487841	518	679	0	3.3222904205	2.0480952263	2.2076134682	2.0409135819	1.23339476	8.370931043	12.35683279	138.745	0	64.0064
Kvon2014_chr3R_15160880_15162972	on	P	Endoderm	off	off	on	off	on	off	354.1	0	0	0	0	0	0	1.1	2.115487841	0	321	0	3.3222904205	2.0480952263	2.2076134682	2.0409135819	0.617332882	3.91847585	5.638190406	138.745	0	64.0064
Kvon2014_chr3R_15166068_15168266	on	CP	Ectoderm	off	on	on	on	off	off	1141.3	11.63	5.76	0.052	1.2215	0.437	1.2215	6	11.698970004	506	256	0.8041667938	2.0665414333	3.5779008865	2.6398582459	3.3531565666	4.157012582	5.722687483	11.772462905	200.595	0	462.768
Kvon2014_chr3R_1546647_1548740	on	A	Ectoderm	on	off	off	on	off	off	589.8	7.49	0	0.958	-0.6275	0	-0.6275	6	0	0	0	0.7800745964	0	2.2001962662	0.8589735031	4.8659524917	0.949901407	3.222389325	4.172290732	0	1	27.4524
Kvon2014_chr3R_15873091_15875315	on	P	Endoderm	off	off	on	off	on	off	0	0	0	0	0	0	0	0	0	0	0	0	0	0	0	0	0	0.540390748	0.540390748	0	0	0
Kvon2014_chr3R_16540229_16542746	on	A	Endoderm	on	off	off	off	on	off	0	0	0	0	0	0	0	0	5.397940009	0	0	0	0	0	0	0	0	1.231723935	1.876042544	0	0	51.3743
Kvon2014_chr3R_16776112_16778334	on	A	Ectoderm	on	off	off	on	off	off	1336.3	0	0	0	0	0	0	0	1.446638926	0	568	2.0137963295	1.8584356308	2.541809082	0	0	0	1.388868014	2.835838869	0	1	0
Kvon2014_chr3R_17201451_17203140	on	ACP	Ectoderm/Endoderm/Mesoderm	on	on	on	on	on	on	127	5.66	0	0	0	0	0	0	3.514278574	397	252	0	1.6322646141	0	1.52542305	2.927873373	0	3.555805638	6.117614785	173.085	0	108.2098
Kvon2014_chr3R_17466334_17468421	on	ACP	Ectoderm/Endoderm/Mesoderm	on	on	on	on	on	on	4698.5	18.69	4.29	1.387	0	0.494	0	8.99	8.316592701	618	367	0	2.1948308945	2.172180891	2.9821918011	2.5807929039	0.638834447	4.910456601	8.571814419	599.335	0	68.87422
Kvon2014_chr3R_17469856_17471988	on	A	Ectoderm	on	off	off	on	off	off	2262.5	0	0	0	0	0	0	5.7	6	618	367	2.2442359924	2.2197947502	2.8343997002	2.6196928024	4.4641942978	0.779662413	4.910456601	8.712642385	165.695	0	49.8725
Kvon2014_chr3R_177099_179292	on	A	Ectoderm	on	off	off	on	off	off	71.5	9.81	0	0.752	0	0.667	0	1.04	5.045757491	0	0	2.1231350899	0	2.4123439789	0.6927623749	2.4167385101	0	1.90516935	2.647189929	0	0	16.3583
Kvon2014_chr3R_17959570_17961726	on	ACP	Ectoderm/Endoderm/Mesoderm	on	on	on	on	on	on	284.3	11.47	3.24	0.511	0.69	0.848	0.69	6	6	248	251	1.5984025001	1.7844142914	1.7166600227	3.3386545182	1.0510287285	0.624578381	4.499727446	7.884825416	132.37	1	96.7684
Kvon2014_chr3R_17968311_17970547	on	P	Mesoderm	off	off	on	off	off	on	76.1	2.82	0	-0.027	-0.0885	0	-0.0885	0	0.669190671	0	0	0	0	0	0	0	0	2.274286181	2.65984698	0	0	58.1212
Kvon2014_chr3R_17970065_17972204	on	C	Ectoderm	off	on	off	on	off	off	82.4	0	0	0	0	0	0	0	0	0	0	0	0	0	0	0	0	1.124027733	1.723004472	0	0	5.28782
Kvon2014_chr3R_17978799_17980887	on	P	Endoderm	off	off	on	off	on	off	2388.4	11.92	4.72	1.162	0.145	1.21	0.145	9.6	6	520	363	2.9693288803	2.1504812241	3.0148272514	1.9966592789	2.7166767121	1.943185806	4.686258048	8.223568797	0	1	125.261
Kvon2014_chr3R_17980445_17982647	on	A	Ectoderm	on	off	off	on	off	off	264.9	0	0	0	-0.1315	0	-0.1315	3.6	0	0	363	0	0	0	0	0	0	4.686258048	6.280382991	0	1	0
Kvon2014_chr3R_18352267_18354359	on	A	Ectoderm	on	off	off	on	off	off	699.1	4.98	0	0	0	0	0	6	1.601070927	646	376	0	0	0	0	2.3338050842	0.698196856	3.549703717	5.977888939	107.225	1	17.238
Kvon2014_chr3R_18703162_18705280	on	P	Ectoderm/Mesoderm	off	off	on	on	off	on	177.9	9.85	0	0	0	0	0	11.3	5.409590558	0	0	0	2.1621332169	1.8426651955	0	5.4964523316	0.865585103	3.823968332	5.221756364	0	0	0
Kvon2014_chr3R_19019321_19021522	on	A	Endoderm	on	off	off	off	on	off	2439.9	20.67	4.29	1.101	2.3565	1.84	2.3565	12	6	0	359	4.3281931877	3.3458242416	4.800488472	6.8141613007	2.6911211014	6.255821733	7.275964489	15.843840647	135.955	0	171.0741
Kvon2014_chr3R_19020878_19022997	on	A	Ectoderm/Endoderm	on	off	off	on	on	off	641.9	10.48	4.29	1.101	2.3565	1.624	2.3565	6	0.357772972	0	0	3.5673484802	1.7290315628	2.2398104668	4.3562870026	0	2.113407521	2.597067048	7.022528994	135.955	0	25.3201
Kvon2014_chr3R_19167877_19170074	on	ACP	Ectoderm/Mesoderm	on	on	on	on	off	on	747.1	13.31	4.18	0	1.2015	0	1.2015	6	6	0	254	0	0	0	2.112958908	2.4174757004	1.045435401	5.571828337	8.751655747	0	1	627.6959
Kvon2014_chr3R_19169758_19171858	on	A	Ectoderm	on	off	off	on	off	off	1360.9	25.2	4.18	0.409	2.677	1.119	2.677	12	6.837489361	0	254	1.6059675217	1.877117157	0	4.6019434928	3.507768631	1.666225942	5.571828337	9.372446288	118.765	2	73.7076
Kvon2014_chr3R_20346869_20348344	on	P	Ectoderm	off	off	on	on	off	off	143.6	0	0	0	0	0	0	0	0	0	0	0	0	0	0	0	0	0	0.473567843	0	0	0
Kvon2014_chr3R_20574703_20575504	on	ACP	Ectoderm	on	on	on	on	off	off	3189.3	20.28	4.01	1.353	0.6735	1.462	0.6735	6	6	0	296	3.8299741745	3.8471984863	3.1984329224	2.1908082962	2.9537725449	3.589410305	2.301567358	8.592790014	0	1	84.8227
Kvon2014_chr3R_20995463_20996763	on	A	Endoderm	on	off	off	off	on	off	0	17.63	0	2.077	0	0.689	0	0	0	621	355	3.4351992607	0	3.5316939354	0	0	1.218554272	5.493568869	8.989743597	0	1	0
Kvon2014_chr3R_20997630_20999927	on	ACP	Ectoderm/Mesoderm	on	on	on	on	off	on	5188.7	17.63	5.14	2.077	1.3345	2.729	1.3345	6.83	6	621	355	3.4351992607	3.6221280098	3.5316939354	3.4843473434	3.0008234978	1.218554272	5.493568869	8.989743597	265.97	1	362.1114
Kvon2014_chr3R_21004815_21006912	on	A	Ectoderm/Mesoderm	on	off	off	on	off	on	1662.4	13.25	0	-0.187	0.3135	0.949	0.3135	5.52	1.518156229	755	392	1.1680340767	0	0	0	4.2983083725	0.66545698	4.517587662	8.347537567	0	1	166.1951
Kvon2014_chr3R_21006495_21008695	on	ACP	Ectoderm/Mesoderm	on	on	on	on	off	on	2185.8	13.25	0	0.2	0.3135	0.949	0.3135	11.52	6	755	392	2.6105871201	2.0051651001	2.9403276443	2.4518003464	4.2983083725	0.66545698	4.517587662	8.347537567	0	1	275.7104
Kvon2014_chr3R_21019469_21021322	on	ACP	Ectoderm	on	on	on	on	off	off	1602.9	21.52	5.32	0	0	0	0	4.68	5	0	0	2.5189933777	3.0720643997	2.896648407	3.651881218	3.87114048	0.751993881	3.410120235	5.863198533	216.75057	0	64.9375
Kvon2014_chr3R_21282570_21284690	on	A	Mesoderm	on	off	off	off	off	on	0	0	0	0	0	0	0	6.57	5.698970004	0	0	0	0	0	0	2.5102443695	0.602899339	4.84040764	6.23049535	0	0	0
Kvon2014_chr3R_21294756_21297030	on	A	Mesoderm	on	off	off	off	off	on	252.3	4.57	0	0	0	0	0	6	0	0	0	0	0	0	0	0.7939357758	0.637844338	2.634814487	6.699904404	0	0	0
Kvon2014_chr3R_21456236_21458310	on	A	Endoderm	on	off	off	off	on	off	437.6	15.72	4.62	2.925	1.7905	1.739	1.7905	5	5.522878745	721	334	3.4624123573	1.7893042564	2.6402568817	4.1356086731	2.396306038	1.256815658	4.259768874	7.503804735	0	0	82.8019
Kvon2014_chr3R_21457870_21460045	on	A	Ectoderm/Endoderm/Mesoderm	on	off	off	on	on	on	1146.5	9.9	4.62	1.479	1.7905	1.123	1.7905	6	3.694648631	721	334	3.4624123573	1.7893042564	2.6402568817	4.1356086731	2.396306038	1.994579587	4.259768874	8.241568664	0	0	67.388
Kvon2014_chr3R_21471304_21473433	on	A	Ectoderm	on	off	off	on	off	off	1160.8	8.96	0	0	1.892	0	1.892	5.52	1.488343868	649	435	1.0539188385	1.7782936096	0	5.4619441032	2.6543684006	0	1.85569547	3.577824955	330.385	0	98.5965
Kvon2014_chr3R_21852100_21854692	on	ACP	Ectoderm/Mesoderm	on	on	on	on	off	on	148.7	6.21	2.94	0.722	0	0	0	6	5.397940009	0	309	0	0	2.0954093933	2.0383663177	1.7648811341	3.516441316	4.502712138	11.228452691	209.86	2	267.0116
Kvon2014_chr3R_24398429_24400616	on	A	Endoderm	on	off	off	off	on	off	272.3	2.95	0	0.006	0.1585	1.047	0.1585	6	3.341988603	0	0	2.194820404	0	0	0	0	0	3.808619912	4.914538987	0	0	86.7188
Kvon2014_chr3R_24412727_24414867	on	P	Endoderm	off	off	on	off	on	off	390.2	37.78	7.7	1.121	0	0	0	0	2.863279433	0	281	0	3.2108402252	2.219979763	0	6.2340714932	1.000677019	6.619741675	10.405569341	122.4	0	67.5782
Kvon2014_chr3R_24414156_24416299	on	P	Endoderm	off	off	on	off	on	off	390.2	16.94	4.02	1.121	0	0	0	0	2.863279433	0	0	0	3.2108402252	0	0	3.1165549755	0	2.990965899	5.776116546	122.4	0	67.5782
Kvon2014_chr3R_2488662_2490888	on	A	Ectoderm/Mesoderm	on	off	off	on	off	on	1160.7	0	0	1.027	-0.5085	0.979	-0.5085	6	4.420216403	0	0	2.8528375626	0	2.0711603165	0	2.3322563172	0	3.005438412	4.51208886	0	0	104.547
Kvon2014_chr3R_25237305_25239500	on	CP	Ectoderm/Mesoderm	off	on	on	on	off	on	0	0	0	0	0	0	0	0	0	0	0	0	0	0	0	0	0	1.23663944	1.23663944	0	0	0
Kvon2014_chr3R_25491743_25493750	on	AC	Ectoderm	on	on	off	on	off	off	1328.3	3.77	0	0	0	0	0	1.12	0	0	242	0	0	0	0	0	0.577524735	0.870174289	2.189254298	0	0	0
Kvon2014_chr3R_25594900_25596969	on	CP	Ectoderm	off	on	on	on	off	off	1037.7	6.21	0	-0.407	0	0	0	0	5.15490196	0	338	0	0	0	0	2.722881794	0	3.261659005	5.513674708	0	0	82.8019
Kvon2014_chr3R_2580559_2581657	on	ACP	Ectoderm/Endoderm	on	on	on	on	on	off	4326	29.01	6.07	2.615	2.8835	2.313	2.8835	6	11.397940008	0	267	2.9831118583	3.8613057137	3.3489046097	4.9935531617	4.0055732727	3.591418206	5.490766823	11.45184047	497.765	1	81.9798
Kvon2014_chr3R_25828585_25830778	on	ACP	Ectoderm/Endoderm/Mesoderm	on	on	on	on	on	on	0	3.7	0	0	-1.892	0	-1.892	0	0	694	0	0	0	0	0	0.7224407196	0	1.873918904	3.276609527	0	0	81.9798
Kvon2014_chr3R_25864610_25865806	on	ACP	Ectoderm/Endoderm/Mesoderm	on	on	on	on	on	on	0	13.19	0	0	0	0	0	0	0	782	0	0	0	0	0	0	2.190496333	4.653874229	8.921329134	0	0	0
Kvon2014_chr3R_25889186_25891462	on	A	Endoderm	on	off	off	off	on	off	0	0	0	0	0	0	0	0	0	0	0	0	0	0	0	0	0	1.058746709	1.544967635	0	0	0
Kvon2014_chr3R_2629821_2631916	on	A	Ectoderm/Endoderm	on	off	off	on	on	off	605.8	5.75	0	0	0	0	0	6	0	0	0	2.6185593605	0	0	2.0589346886	3.5088484287	0.653840065	2.111214817	4.034357816	402.925	0	41.9076
Kvon2014_chr3R_26594672_26596745	on	ACP	Mesoderm	on	on	on	off	off	on	233.4	3.73	0	-0.675	0	0	0	5.7	6	0	0	0	0	0	0	0	0	3.875188828	4.619788134	0	0	690.3169
Kvon2014_chr3R_26680055_26682153	on	A	Ectoderm/Endoderm	on	off	off	on	on	off	690.4	7.64	4.05	1.693	1.274	1.753	1.274	6	1.776504059	0	0	4.3503880501	0	2.8635406494	2.2212619782	2.1147880554	2.576877874	7.118537229	11.61633923	173.585	0	26.017
Kvon2014_chr3R_2679309_2681544	on	A	Ectoderm/Mesoderm	on	off	off	on	off	on	0	4.58	0	0	0	0	0	0	5.397940009	0	0	0	1.8274364471	0	0	0	0	1.055006597	1.896896708	403.055	0	44.6554
Kvon2014_chr3R_2680992_2683269	on	CP	Ectoderm/Mesoderm	off	on	on	on	off	on	429.1	24.09	11.89	0	0	0	0	5.7	5.22184875	0	0	0.7215528488	3.4730556011	3.5667574406	5.9127662182	3.1807017326	0.701069832	3.603862998	6.141109583	150.08	0	0
Kvon2014_chr3R_2684413_2686617	on	ACP	Ectoderm/Mesoderm	on	on	on	on	off	on	1685.3	27.61	5.22	0	0	0	0	5.7	4.468521083	0	219	0	3.4730556011	3.5667574406	0	3.1807017326	0	3.603862998	5.440039751	0	0	145.8158
Kvon2014_chr3R_2693633_2695762	on	ACP	Ectoderm/Mesoderm	on	on	on	on	off	on	1363.8	18.46	6.54	1.41	1.1695	1.844	1.1695	5.05	6	0	0	2.2621631622	2.963956356	3.3129472733	2.7318363189	2.2015056611	0	2.676183841	4.419129007	0	1	40.4012
Kvon2014_chr3R_2958220_2960027	on	A	Ectoderm	on	off	off	on	off	off	0	0	0	0	0	0	0	2.18	0	0	0	0	0	0	0	0	0	0	0.413989438	0	0	0
Kvon2014_chr3R_4513181_4515317	on	A	Endoderm	on	off	off	off	on	off	95.5	3.68	0	0.825	-0.588	0.432	-0.588	3.74	11.15490196	0	0	1.8546051979	0	2.0842990875	2.5362825394	2.0258703232	0	3.623288811	4.584650107	0	1	126.2188
Kvon2014_chr3R_4969149_4971389	on	A	Mesoderm	on	off	off	off	off	on	0	0	0	0	0	0	0	1.94	10.045757491	0	0	0	0	0	0	0.9797239304	0	2.849748221	3.2580017	0	0	128.836
Kvon2014_chr3R_5137468_5139658	on	AC	Mesoderm	on	on	off	off	off	on	0	0	0	0	0	0	0	0	0	0	0	0	0	0	1.4357252121	0	0	1.389450401	1.389450401	0	0	0
Kvon2014_chr3R_6365463_6367614	on	AP	Ectoderm	on	off	on	on	off	off	297.5	0	0	0	0	0	0	2.96	0	0	0	0	0	0	0	1.0751204491	0	0	0.342715179	0	0	12.7216
Kvon2014_chr3R_6418595_6420751	on	CP	Ectoderm/Mesoderm	off	on	on	on	off	on	156.7	4.03	0	0.166	0.3465	0	0.3465	6	5.698970004	0	370	0	1.6264634132	1.567864418	0.8182115555	0	0.642930269	4.227974475	7.187065482	0	0	122.3602
Kvon2014_chr3R_6422000_6424236	on	P	Endoderm	off	off	on	off	on	off	923.9	29.16	0	0.646	-0.1915	-0.69	-0.1915	6	4.657577319	725	356	0	3.1060128212	1.7273874283	0	0	0	5.54065451	7.856815248	242.045	0	6.16306
Kvon2014_chr3R_6425535_6427699	on	AC	Ectoderm/Endoderm/Mesoderm	on	on	off	on	on	on	2036	14.58	3.27	0.572	1.8525	0.584	1.8525	6	6	725	356	0.8223495483	2.5967981815	2.1598701477	2.9896202087	0.7593021393	2.418650269	5.54065451	10.275465517	487.005	0	106.4827
Kvon2014_chr3R_6427346_6429468	on	A	Endoderm	on	off	off	off	on	off	77.2	3.7	0	0	0.5985	0	0.5985	6	6	725	673	1.503297329	0	0	2.3087453842	0	0.568200384	5.54065451	8.425015632	213.715	0	800.915
Kvon2014_chr3R_6443064_6445159	on	ACP	Ectoderm/Mesoderm	on	on	on	on	off	on	4320.8	15.43	0	0.613	1.6045	1.924	1.6045	6	6	296	373	2.5719466209	2.8361639977	2.3395709991	2.9669451714	3.0644860267	2.93180421	4.572050458	10.531812703	374.78	1	126.4413
Kvon2014_chr3R_736192_738402	on	ACP	Ectoderm/Endoderm/Mesoderm	on	on	on	on	on	on	665.4	6.37	0	0	0	0	0	6	2.278434501	0	178	0	0	0	0	3.1161723137	2.705535561	1.982050001	6.77990511	0	1	119.2899
Kvon2014_chr3R_7394967_7398026	on	A	Ectoderm/Endoderm/Mesoderm	on	off	off	on	on	on	1119.5	4.04	0	1.151	0.7775	1.552	0.7775	6	4.187086643	0	0	2.6776461602	0	1.7678413391	0.8233795166	0	0	2.454310282	4.672064797	0	0	40.4012
Kvon2014_chr3R_8470129_8471868	on	ACP	Ectoderm	on	on	on	on	off	off	3419.3	19.58	4.12	1.618	2.2625	1.263	2.2625	6	5.522878745	616	449	2.5029716491	3.1376342773	3.0332927704	4.6569533348	4.1804709435	0	5.920025005	8.146668059	0	0	95.40552
Kvon2014_chr3R_8471285_8473828	on	AC	Ectoderm/Endoderm/Mesoderm	on	on	off	on	on	on	7219.6	19.58	7.53	1.259	2.343	1.263	2.343	11.4	11.522878745	616	449	3.1383004188	3.1376342773	3.0332927704	5.3105897903	5.7528934479	0	5.920025005	8.146668059	0	0	389.1121
Kvon2014_chr3R_8473805_8476580	on	ACP	Ectoderm/Mesoderm	on	on	on	on	off	on	2792.9	19.58	3.41	-0.312	0.0805	0	0.0805	11.1	12	616	449	0.6353287697	3.1376342773	2.0337724686	0.6536364555	3.5146832466	0	5.920025005	8.146668059	0	0	360.573
Kvon2014_chr3R_9705174_9707299	on	A	Ectoderm/Mesoderm	on	off	off	on	off	on	980	7.86	4.29	1.734	0.1615	2.186	0.1615	6	5.096910013	0	0	4.1405315399	0	2.6483821869	0	2.6922798157	0.605025679	3.85637331	6.985872358	124.605	0	115.19656
Kvon2014_chr3R_9735416_9737658	on	A	Ectoderm	on	off	off	on	off	off	937.7	7.23	0	1.786	0.605	1.738	0.605	12	9.463441558	0	0	1.9210100174	0	2.6265354156	1.9060792923	0.9312934875	1.697093561	3.439183044	6.624226485	150.455	0	58.6702
Kvon2014_chr3R_9737272_9739395	on	A	Ectoderm/Endoderm/Mesoderm	on	off	off	on	on	on	614.4	7.23	0	1.299	0.3755	1.738	0.3755	6	4.065501549	0	0	1.9210100174	0	2.6265354156	1.9060792923	0.9312934875	0.874985504	3.439183044	5.802118428	150.455	0	25.3201
Kvon2014_chr4_1013286_1015477	on	A	Ectoderm	on	off	off	on	off	off	258	0	0	0	0	0	0	0	0	0	219	0	0	0	0.5826778412	0	0	0	1.277868363	81.99	0	0
Kvon2014_chr4_79425_81608	on	ACP	Ectoderm/Endoderm/Mesoderm	on	on	on	on	on	on	1069.8	0	0	0	0.8725	0	0.8725	6	7.082452481	365	189	0	3.5793371201	0	3.1774539948	0	0	3.3001413	5.328487552	353.57	1	0
Kvon2014_chrX_10141141_10143288	on	ACP	Mesoderm	on	on	on	off	off	on	0	0	0	0	0	0	0	0	0	0	0	0	0	0	0	0	0	0.531973332	1.170209473	0	0	0
Kvon2014_chrX_14636760_14638874	on	ACP	Mesoderm	on	on	on	off	off	on	520.6	0	0	0	0	0	0	6	5.698970004	0	197	0	0	0	1.1539998055	0	0	2.825203955	3.981708288	0	0	353.668
Kvon2014_chrX_14920528_14922665	on	ACP	Endoderm/Mesoderm	on	on	on	off	on	on	0	0	0	0	0	0	0	5.4	9.012333735	0	0	0	0	0	0	0	0	4.171356708	4.992327296	0	1	177.908
Kvon2014_chrX_16045717_16047944	on	A	Ectoderm/Endoderm	on	off	off	on	on	off	0	0	0	0	0	0	0	3.98	0	0	255	0	0	0	0	0	0	1.604058951	5.282197237	0	0	0
Kvon2014_chrX_16113737_16115852	on	P	Ectoderm/Mesoderm	off	off	on	on	off	on	2235.7	15.86	6.03	2.138	0	0	0	6	6	0	228	0	3.04845047	3.7098698616	0.6422967911	2.3856754303	0.875609636	1.990513802	4.842922151	91.665	0	48.7865
Kvon2014_chrX_18029558_18031730	on	ACP	Ectoderm/Endoderm/Mesoderm	on	on	on	on	on	on	0	0	0	0	0	0	0	0	0	390	0	0	0	0	0	0	0	0.849679216	2.121027901	0	1	0
Kvon2014_chrX_18197231_18199428	on	A	Ectoderm/Endoderm	on	off	off	on	on	off	3103.4	22.09	5.01	0	0	1.869	0	6	6	0	311	5.0378160477	3.3110532761	2.3413133621	3.4141511917	2.6753296852	2.640467077	2.015790224	8.317236095	251.645	1	48.6419
Kvon2014_chrX_19636808_19638944	on	ACP	Ectoderm/Endoderm/Mesoderm	on	on	on	on	on	on	197.9	0	0	0	0	0	0	0	0	607	0	0	0	0	0	1.224003315	0	0.583955884	1.739538252	0	1	92.7094
Kvon2014_chrX_19742852_19745084	on	ACP	Ectoderm/Mesoderm	on	on	on	on	off	on	145.3	12.32	0	0.275	-0.4715	0	-0.4715	0.81	8.806875402	392	182	0	0	0	0	2.5069556236	0	1.169829845	3.830440589	0	1	104.547
Kvon2014_chrX_19783001_19785201	on	A	Ectoderm	on	off	off	on	off	off	246	0	0	-1.29	-0.6815	0	-0.6815	10.29	6.440894507	0	247	0	0	0	0	0.9832549095	0	2.197661195	3.607725892	0	0	109.9888
Kvon2014_chrX_20320724_20322995	on	A	Ectoderm/Mesoderm	on	off	off	on	off	on	0	0	0	0	0	0	0	0.72	0	0	0	0	0	0	0	1.2008743286	0	1.681813383	1.681813383	0	0	0
Kvon2014_chrX_20522999_20525109	on	P	Ectoderm/Mesoderm	off	off	on	on	off	on	435.9	10.48	7.46	0.547	2.5535	0	2.5535	1.08	0	0	0	0	3.1981086731	3.8893637657	2.8605656624	0	0	1.520535469	2.430270016	0	0	6.16306
Kvon2014_chrX_20582460_20584635	on	AP	Ectoderm	on	off	on	on	off	off	1219.7	10.72	0	0.29	1.2025	0	1.2025	6	0.754650223	0	0	0	1.6677222252	0	2.3949594497	0.8047995567	0.964011997	0.57625664	2.560395485	172.88	0	0
Kvon2014_chrX_2322950_2325468	on	AP	Ectoderm/Mesoderm	on	off	on	on	off	on	3915.8	32.7	5.01	1.72	3.0825	1.32	3.0825	12	8.22184875	0	235	2.68227911	3.85602808	3.6068725586	7.4506683349	2.9443955421	0.626852916	2.735381452	5.907520487	267.14	1	77.5599
Kvon2014_chrX_2324883_2326982	on	P	Ectoderm/Mesoderm	off	off	on	on	off	on	1619	21.66	5.01	1.72	2.77	1.32	2.77	12	5.301029996	0	235	2.68227911	3.85602808	3.6068725586	7.4506683349	0.6907844543	0.626852916	2.735381452	5.907520487	113.75	1	77.5599
Kvon2014_chrX_2326425_2328548	on	A	Ectoderm	on	off	off	on	off	off	63.5	4.81	0	0.864	4.4905	1.256	4.4905	6	0	0	0	3.2866940499	0	2.863363266	11.1035900115	0	0.603818192	2.243278503	5.392382814	0	1	0
Kvon2014_chrX_2328024_2330141	on	A	Endoderm	on	off	off	off	on	off	133.3	4.81	0	0.864	1.7205	1.256	1.7205	6	5.301029996	0	0	3.2866940499	0	4.7707109451	3.6529216766	4.4788122177	0.603818192	2.243278503	5.392382814	0	1	70.3025
Kvon2014_chrX_2329552_2331768	on	A	Mesoderm	on	off	off	off	off	on	0	13.76	0	1.971	0	0	0	4.84	11.301029996	0	0	8.5740566254	0	8.0766563415	2.7569015026	4.4788122177	0	2.243278503	4.788564622	0	0	186.4677
Kvon2014_chrX_2331140_2333271	on	AC	Ectoderm/Mesoderm	on	on	off	on	off	on	650.5	8.95	6.75	1.272	0.7695	2.034	0.7695	7.82	6	0	0	5.2873625755	1.4615149498	3.3059453964	2.7569015026	4.4788122177	0	2.243278503	4.788564622	137.695	0	186.4677
Kvon2014_chrX_2334279_2336373	on	A	Ectoderm/Endoderm	on	off	off	on	on	off	63.5	0	0	0.644	0.78	0	0.78	1.92	0	0	0	0	0	1.9185647964	1.9288449287	4.4788122177	0	2.243278503	4.788564622	0	1	0
Kvon2014_chrX_273823_275941	on	A	Ectoderm/Mesoderm	on	off	off	on	off	on	372.4	8.93	0	1.296	2.323	0.859	2.323	11.7	0	0	0	2.5056447982	1.631919384	3.6532711982	3.767440319	3.4136381149	0	3.033832907	3.931530131	0	0	2.75585
Kvon2014_chrX_3032372_3034558	on	AC	Ectoderm/Endoderm/Mesoderm	on	on	off	on	on	on	1780.3	21.48	0	1.167	1.612	0	1.612	10.57	8.894489815	456	189	0	2.0163450241	4.0865867138	2.5712070465	1.8702368737	0.719676644	2.37651264	6.068435624	183.62	0	0
Kvon2014_chrX_3673654_3676071	on	ACP	Ectoderm/Endoderm/Mesoderm	on	on	on	on	on	on	111	15.01	0	-1.391	1.3025	0	1.3025	0	4.638272164	374	345	0	0	0	2.680560112	2.237200737	0	2.229477995	5.040397083	163.435	1	176.6976
Kvon2014_chrX_4092742_4094855	on	A	Ectoderm	on	off	off	on	off	off	1716.8	6.33	0	0	0	0	0	3.52	0	0	246	0	0	0	0	0	0.653742154	0.904920006	3.152345594	0	0	0
Kvon2014_chrX_4349845_4351967	on	A	Ectoderm	on	off	off	on	off	off	290.6	4.11	0	0.037	0	0.97	0	0	0	0	0	2.4333224297	0	0	0	0	0	0.547346857	1.473722807	0	0	0
Kvon2014_chrX_4505511_4507953	on	CP	Ectoderm	off	on	on	on	off	off	1021.7	8.44	0	0.807	-0.5795	0	-0.5795	2.03	0	0	0	0	2.102853775	2.1125566959	0	4.9254360199	0	0.821652234	2.793432959	0	0	0
Kvon2014_chrX_476757_478944	on	A	Endoderm/Mesoderm	on	off	off	off	on	on	308.3	7.98	3.79	1.247	1.46	1.18	1.46	6	0.63344444	0	0	2.0105030537	1.7905106544	2.4302349091	2.8563499451	1.0048112869	4.478419125	4.898140069	12.484103497	264.005	0	103.5576
Kvon2014_chrX_4833051_4835256	on	ACP	Ectoderm/Endoderm/Mesoderm	on	on	on	on	on	on	256.3	5.95	0	0	0	0	0	6	5.698970004	606	237	0	2.0248885155	2.2798023224	2.2501926422	2.9377851486	2.318097002	2.000994065	7.022676493	158.055	1	0
Kvon2014_chrX_485819_487844	on	ACP	Mesoderm	on	on	on	off	off	on	2382.1	10.05	3.78	0.629	0.0755	1.432	0.0755	6	6	0	286	3.4710812568	1.7364516258	2.208568573	1.8726758957	2.5656886101	6.910417389	4.101706561	14.119668253	478.045	0	580.224
Kvon2014_chrX_4935057_4937167	on	A	Ectoderm	on	off	off	on	off	off	80.7	0	0	1.041	-0.0665	0	-0.0665	6	0	0	0	0	0	1.8007760048	0	0	0	0	0.728907235	0	0	0
Kvon2014_chrX_8199179_8201387	on	CP	Ectoderm/Endoderm/Mesoderm	off	on	on	on	on	on	80.1	0	0	0	0	0	0	0	1.27750593	0	0	0	0	0	0	0	0	0	0.545971362	0	0	0
Kvon2014_chrX_8536076_8538179	on	A	Ectoderm	on	off	off	on	off	off	0	0	0	0	0	0	0	1.54	0	0	0	3.3220777512	0	2.0374212265	0	0	0	1.919481474	3.412165679	0	0	17.238
Kvon2014_chrX_8546539_8548888	on	A	Ectoderm	on	off	off	on	off	off	3237.3	15.86	5.01	1.219	2.162	1.768	2.162	6	5.522878745	0	244	3.7210998535	3.0885772705	2.8837380409	4.0987479687	6.3478355408	2.962868129	2.311612213	8.381557071	378.845	0	46.3879
Kvon2014_chrX_8548254_8550343	on	A	Ectoderm/Mesoderm	on	off	off	on	off	on	2360.3	15.86	5.01	1.219	1.7555	1.768	1.7555	6	5.522878745	0	244	3.7210998535	3.0885772705	2.8837380409	4.0987479687	6.3478355408	2.962868129	2.311612213	8.381557071	556.015	0	46.3879
Kvon2014_chrX_8567054_8569198	on	A	Ectoderm	on	off	off	on	off	off	69.8	2.97	0	0	0	0	0	0	2.261377972	0	268	0	0	0	0	0	0	1.20551607	3.614254776	0	0	0
Kvon2014_chrX_9125521_9126398	on	A	Ectoderm	on	off	off	on	off	off	0	0	0	0	0.2675	0	0.2675	0	0	0	0	0	0	0	0	0	0	0.813204317	1.194557639	0	1	0
Kvon2014_chrX_9608928_9611168	on	C	Ectoderm	off	on	off	on	off	off	70.9	0	0	0	0.6005	0	0.6005	0.47	0	0	0	0	0	0	0	0	0	1.170630336	1.170630336	0	0	0
Kvon2014_chrX_9610773_9612895	on	C	Ectoderm	off	on	off	on	off	off	70.9	0	0	0	0.6005	0	0.6005	0.47	0	0	0	0	0	0	0	0	0	0.872586886	0.872586886	0	0	0
Kvon2014_chrX_9630797_9632904	on	A	Endoderm	on	off	off	off	on	off	104.1	0	0	0.197	0.6745	0.08	0.6745	0	0.452022343	0	0	0.7449812889	0	0	1.5059485435	0	0	1.055392534	1.489466809	0	0	26.017
