name	status	Dorsal	Hairy	Snail	Twist	bicoid	cad	giant	hunchback
Kvon2014_chr2L_9410_10052	off	0	0	0	0	0	0	0	0
Kvon2014_chr2L_11245_11850	off	0	0	0	0	0	0	0	0
Kvon2014_chr2L_12730_13724	off	0	0	0	0	0	0	0	0
Kvon2014_chr2L_15507_17836	off	0.405363189	0	0	0	0	0	0	0
Kvon2014_chr2L_19241_21468	off	1.765317223	0	0	0	0	0	0	0
Kvon2014_chr2L_21327_21958	off	0.877659364	0	0	0	0	0	0	0
Kvon2014_chr2L_33156_33884	off	4.59579481	0	0	3.489267932	0	0	0	3.5598897934
Kvon2014_chr2L_35138_35800	off	1.106526878	0	0	0	0	0	0	0
Kvon2014_chr2L_37992_39407	off	0	0	0	0	0	0	0	0
Kvon2014_chr2L_39832_41927	off	0	0	0	0	0	0	0	0
Kvon2014_chr2L_41208_43332	off	0.593126655	0	0	0	0	0	0	0
Kvon2014_chr2L_42658_44732	off	0.593126655	0	0	0	0	0	0	0
Kvon2014_chr2L_44054_46142	off	0.593126655	0	0	0	0	0	0	0
Kvon2014_chr2L_54047_56104	off	1.112180353	0	0	1.112180353	0	0	0	0
Kvon2014_chr2L_228076_230306	off	0	0	0	0	0	0	0	0
Kvon2014_chr2L_229365_231563	off	0	0	0	0	0	0	0	0
Kvon2014_chr2L_230498_232611	off	0	0	0	0	0	0	0	0
Kvon2014_chr2L_242019_244270	off	3.178939693	0.6331839561	0	0.510229349	0	0	0	0
Kvon2014_chr2L_243746_245841	off	6.853942913	0	0	4.185232569	0	0	0	0
Kvon2014_chr2L_245396_247649	off	6.343713564	0	0	3.67500322	0	1.7624883652	0	1.6707401276
Kvon2014_chr2L_284106_286259	off	5.425388505	0	0	3.717601945	0	0	0	4.2109766006
Kvon2014_chr2L_285217_287380	off	1.70778656	0	0	0	0	0	0	0
Kvon2014_chr2L_288875_290893	off	0	0	0	0	0	0	0	0
Kvon2014_chr2L_455548_456979	off	0.478716704	0	0	0	0	0	0	0
Kvon2014_chr2L_458606_460563	off	0	0	0	0	0	0	0	0
Kvon2014_chr2L_542535_542947	off	1.446349204	0	0	0	0	0	0	0
Kvon2014_chr2L_544170_544616	off	5.143053133	2.1362378598	2.141221313	1.555482616	0	0	0	0
Kvon2014_chr2L_544586_545182	off	4.38277467	2.1362378598	1.38094285	1.555482616	0	0	0	0
Kvon2014_chr2L_545256_545891	off	1.446349204	0	0	0	0	0	0	0
Kvon2014_chr2L_547071_547528	off	1.408539751	0	0.595463493	0	0	0	0	0
Kvon2014_chr2L_551806_552464	off	0	0	0	0	0	0	0	0
Kvon2014_chr2L_579519_581579	off	0	0	0	0	0	0	0	0
Kvon2014_chr2L_580471_582588	off	1.872145148	0	0	1.872145148	0	0	0	0
Kvon2014_chr2L_581470_583741	off	1.872145148	0	0	1.872145148	0	0	0	0
Kvon2014_chr2L_584274_586488	off	0.609554403	0	0	0	0	0	0	0.733273983
Kvon2014_chr2L_585826_587936	off	0.609554403	0	0	0	0	0	0	0.733273983
Kvon2014_chr2L_592497_593791	off	3.579042121	0	0	1.098526192	0	0	0	0
Kvon2014_chr2L_594183_594824	off	6.192550603	0	0	3.712034674	0	0	0	0
Kvon2014_chr2L_596726_598791	off	4.126045823	0	0	2.537127614	1.0225009918	0	1.8531637192	0
Kvon2014_chr2L_597778_599872	off	5.36949052	0	0	2.537127614	4.6105251312	0	1.8531637192	2.2326617241
Kvon2014_chr2L_700634_702788	off	3.118162744	0.9027233124	0	1.457605887	0	0	0	0
Kvon2014_chr2L_725796_728442	off	0	0	0	0	0	0	0	0
Kvon2014_chr2L_730427_732657	off	0	0	0	0	0	0	0	0
Kvon2014_chr2L_732024_734172	off	0	0	0	0	0	0	0	0
Kvon2014_chr2L_735151_737255	off	0	0	0	0	0	0	0	0
Kvon2014_chr2L_739901_740407	off	0.428296426	0	0	0	0	0	0	0
Kvon2014_chr2L_740623_742788	off	0.428296426	0	0	0	0	0	0	0
Kvon2014_chr2L_742271_744374	off	0	0	0	0	0	0	0	0
Kvon2014_chr2L_744355_746905	off	0	0	0	0	0	0	0	0
Kvon2014_chr2L_746280_748374	off	0	0	0	0	0	0	0	0
Kvon2014_chr2L_748825_750915	off	0	0	0	0	0	0	0	0
Kvon2014_chr2L_762067_764189	off	0	0	0	0	0	0	0	0
Kvon2014_chr2L_765293_767388	off	0	0	0	0	0	0	0	0
Kvon2014_chr2L_766890_769060	off	0	0	0	0	0	0	0	0
Kvon2014_chr2L_772191_773620	off	0	0	0	0	0	0	0	0
Kvon2014_chr2L_917706_919920	off	0	0	0	0	0	0	0	0
Kvon2014_chr2L_922814_924894	off	0	0	0	0	0	0	0	0
Kvon2014_chr2L_924596_926677	off	0	0	0	0	0	0	0	0
Kvon2014_chr2L_926355_928443	off	0	0	0	0	0	0	0	0
Kvon2014_chr2L_929936_932031	off	0	0	0	0	0	0	0	0
Kvon2014_chr2L_933501_935600	off	0	0	0	0	0	0	0	0
Kvon2014_chr2L_935265_937384	off	0	0	0	0	0	0	0	0
Kvon2014_chr2L_937049_939137	off	0	0	0	0	0	0	0	0
Kvon2014_chr2L_942407_944503	off	0	0	0	0	0	0	0	0
Kvon2014_chr2L_944145_946378	off	0	0	0	0	0	0	0	0
Kvon2014_chr2L_945907_948100	off	0	0	0	0	0	0	0	0
Kvon2014_chr2L_949550_951670	off	0	0	0	0	0	0	0	0
Kvon2014_chr2L_955940_956507	off	0	0	0	0	0	0	0	0
Kvon2014_chr2L_956568_957379	off	0	0	0	0	0	0	0	0
Kvon2014_chr2L_958044_960156	off	0	0	0	0	0	0	0	0
Kvon2014_chr2L_959784_961863	off	0	0	0	0	0	0	0	0
Kvon2014_chr2L_963184_965360	off	0	0	0	0	0	0	0	0
Kvon2014_chr2L_968385_970534	off	0	0	0	0	0	0	0	0
Kvon2014_chr2L_1112591_1113081	off	0	0	0	0	0	0	0	0
Kvon2014_chr2L_1112984_1113860	off	0	0	0	0	0	0	0	0
Kvon2014_chr2L_1114073_1114877	off	0	0	0	0	0	0	0	0
Kvon2014_chr2L_1242108_1244308	off	0	0	0	0	0	0	0	0
Kvon2014_chr2L_1243832_1246124	off	0	0	0	0	0	0	0	0
Kvon2014_chr2L_1245713_1247794	off	0	0	0	0	0	0	0	0
Kvon2014_chr2L_1247472_1249637	off	0	0	0	0	0	0	0	0
Kvon2014_chr2L_1249212_1251375	off	0	0	0	0	0	0	0	0
Kvon2014_chr2L_1251071_1253252	off	0	0	0	0	0	0	0	0
Kvon2014_chr2L_1252807_1254924	off	0	0	0	0	0	0	0	0
Kvon2014_chr2L_1256737_1259024	off	0	0	0	0	0	0	0	0
Kvon2014_chr2L_1265798_1267882	off	0	0	0	0	0	0	0	0
Kvon2014_chr2L_1267525_1269658	off	0	0	0	0	0	0	0	0
Kvon2014_chr2L_1269366_1271511	off	0	0	0	0	0	0	0	0
Kvon2014_chr2L_1272936_1275026	off	0	0	0	0	0	0	0	0
Kvon2014_chr2L_1276525_1278627	off	0.369747669	0	0	0	0	0	0	0
Kvon2014_chr2L_1278316_1280419	off	0.369747669	0	0	0	0	0	0	0
Kvon2014_chr2L_1281881_1284000	off	0	0	0	0	0	0	0	0
Kvon2014_chr2L_1283710_1285794	off	0	0	0	0	0	0	0	0
Kvon2014_chr2L_1287003_1289097	off	0	0	0	0	0	0	0	0
Kvon2014_chr2L_1298259_1300348	off	0	0	0	0	0	0	0	0
Kvon2014_chr2L_1395876_1398008	off	1.444388614	0	0	1.444388614	0	0	0	0
Kvon2014_chr2L_1407877_1410078	off	12.840906589	1.6124925613	2.073096901	8.209434627	2.6259346009	2.8336439133	2.8944797516	2.4829769135
Kvon2014_chr2L_1534184_1536381	off	0	0	0	0	0	0	0	0
Kvon2014_chr2L_1537502_1539714	off	0	0	0	0	0	0	0	0
Kvon2014_chr2L_1540940_1543073	off	0	0	0	0	0	0	0	0
Kvon2014_chr2L_1544249_1546451	off	0	0	0	0	0	0	0	0
Kvon2014_chr2L_1545957_1548150	off	0	0	0	0	0	0	0	0
Kvon2014_chr2L_1547751_1549998	off	0	0	0	0	0	0	0	0
Kvon2014_chr2L_1549448_1551565	off	0	0	0	0	0	0	0	0
Kvon2014_chr2L_1551126_1553346	off	0	0	0	0	0	0	0	0
Kvon2014_chr2L_1552677_1555201	off	0	0	0	0	0	0	0	0
Kvon2014_chr2L_1616067_1618220	off	0.531382455	0	0	0	0	0	0	0
Kvon2014_chr2L_1617792_1619910	off	0.531382455	0	0	0	0	0	0	0
Kvon2014_chr2L_1619556_1621632	off	0.396420002	0	0	0	0	0	0	0
Kvon2014_chr2L_1626476_1628690	off	0	0	0	0	0	0	0	0
Kvon2014_chr2L_1628228_1630428	off	0	0	0	0	0	0	0	0
Kvon2014_chr2L_1629929_1632118	off	0	0	0	0	0	0	0	0
Kvon2014_chr2L_1631676_1633775	off	0	0	0	0	0	0	0	0
Kvon2014_chr2L_1635127_1637234	off	0	0	0	0	0	0	0	0
Kvon2014_chr2L_1638619_1640714	off	0	0	0	0	0	0	0	0
Kvon2014_chr2L_1640262_1642449	off	0	0	0	0	0	0	0	0
Kvon2014_chr2L_1642021_1644176	off	0.73528773	0	0	0	0	0	0	0
Kvon2014_chr2L_1647253_1649360	off	0.901148446	0	0	0	0	0	0	0
Kvon2014_chr2L_1651244_1653442	off	0.901148446	0	0	0	0	0	0	0
Kvon2014_chr2L_1652926_1655077	off	0.874950062	0	0	0	0	0	0	0
Kvon2014_chr2L_1654580_1656818	off	0.874950062	0	0	0	0	0	0	0
Kvon2014_chr2L_1659568_1661913	off	0.922326207	0	0	0.922326207	0	0	0	0
Kvon2014_chr2L_1663170_1665352	off	1.965502347	0	0	0.922326207	0	0	0	0
Kvon2014_chr2L_1664946_1667142	off	1.178871239	0	0	0	0	0	0	0
Kvon2014_chr2L_1671844_1673922	off	0	0	0	0	0	0	0	0
Kvon2014_chr2L_1673553_1675720	off	0	0	0	0	0	0	0	0
Kvon2014_chr2L_1689452_1691560	off	0	0	0	0	0	0	0	0
Kvon2014_chr2L_1690933_1693096	off	0	0	0	0	0	0	0	0
Kvon2014_chr2L_1692515_1694660	off	0.597585342	0	0.597585342	0	0	0	0	0
Kvon2014_chr2L_1699768_1701881	off	0	0	0	0	0	0	0	0
Kvon2014_chr2L_1731722_1732292	off	0.880726465	0	0	0	0	0	0	0
Kvon2014_chr2L_1732224_1732562	off	0.880726465	0	0	0	0	0	0	0
Kvon2014_chr2L_1732525_1734645	off	0.880726465	0	0	0	0	0	0	0
Kvon2014_chr2L_1734275_1736475	off	0	0	0	0	0	0	0	0
Kvon2014_chr2L_1736075_1738179	off	1.34272733	0	0	0.618873405	0	0	0	0
Kvon2014_chr2L_1739663_1741778	off	0	0	0	0	0	0	0	0
Kvon2014_chr2L_1741927_1744242	off	0	0	0	0	0	0	0	0
Kvon2014_chr2L_1743640_1745766	off	0	0	0	0	0	0	0	0
Kvon2014_chr2L_1745914_1748086	off	0	0	0	0	0	0	0	0
Kvon2014_chr2L_1838091_1840256	off	0	0	0	0	0	0	0	0
Kvon2014_chr2L_1840747_1843088	off	0	0	0	0	0	0	0	0
Kvon2014_chr2L_1846360_1848492	off	0	0	0	0	0	0	0	0
Kvon2014_chr2L_1848036_1850221	off	0	0	0	0	0	0	0	0
Kvon2014_chr2L_1849872_1852015	off	0	0	0	0	0	0	0	0
Kvon2014_chr2L_1855579_1856653	off	0	0	0	0	0	0	0	0
Kvon2014_chr2L_19513955_19514673	off	0	0	0	0	0	0	0	0
Kvon2014_chr2L_19514746_19517179	off	0	0	0	0	0	0	0	0
Kvon2014_chr2L_19595123_19597286	off	0	0	0	0	0	0	0	0
Kvon2014_chr2L_19608825_19611457	off	0	0	0	0	0	0	0	0
Kvon2014_chr2L_19611313_19613535	off	0	0	0	0	0	0	0	0
Kvon2014_chr2L_19613002_19615344	off	0	0	0	0	0	0	0	0
Kvon2014_chr2L_19622726_19624869	off	0	0	0	0	0	0	0	0
Kvon2014_chr2L_19626254_19628356	off	0	0	0	0	0	0	0	0
Kvon2014_chr2L_19627960_19630119	off	0	0	0	0	0	0	0	0
Kvon2014_chr2L_19629718_19631896	off	0	0	0	0	0	0	0	0
Kvon2014_chr2L_19631392_19633594	off	0	0	0	0	0	0	0	0
Kvon2014_chr2L_19680676_19682797	off	1.262461943	0	0	1.262461943	0	0	0	0
Kvon2014_chr2L_19771967_19774161	off	0	0	0	0	0	0	0	0
Kvon2014_chr2L_19811824_19813928	off	3.656009576	0	0	1.876759222	0.7733845711	1.8576378822	0	3.3905153275
Kvon2014_chr2L_20027862_20030136	off	0	0	0	0	0	0	0	0
Kvon2014_chr2L_20029660_20031750	off	0	0	0	0	0	0	0	0
Kvon2014_chr2L_20031380_20033453	off	0	0	0	0	0	0	0	0
Kvon2014_chr2L_20033050_20035187	off	0	0	0	0	0	0	0	0
Kvon2014_chr2L_20034805_20036996	off	0	0	0	0	0	0	0	0
Kvon2014_chr2L_20036478_20038701	off	0	0	0	0	0	0	0	0
Kvon2014_chr2L_20038283_20040379	off	0	0	0	0	0	0	0	0
Kvon2014_chr2L_20039996_20042107	off	0	0	0	0	0	0	0	0
Kvon2014_chr2L_20043420_20045529	off	0	0	0	0	0	0	0	0
Kvon2014_chr2L_20045139_20047279	off	0	0	0	0	0	0	0	0
Kvon2014_chr2L_20046848_20048965	off	0	0	0	0	0	0	0	0
Kvon2014_chr2L_20048631_20050740	off	0	0	0	0	0	0	0	0
Kvon2014_chr2L_20050348_20052416	off	0	0	0	0	0	0	0	0
Kvon2014_chr2L_20052050_20054229	off	0	0	0	0	0	0	0	0
Kvon2014_chr2L_20056325_20058244	off	1.080387172	0	0	1.080387172	0	0	0	0
Kvon2014_chr2L_20075435_20075799	off	1.230547961	0	0	0.544712123	0	0	0	0
Kvon2014_chr2L_20077193_20079369	off	0	0	0	0	0	0	0	0
Kvon2014_chr2L_20082768_20085048	off	1.172734472	0	0	0	0	0	0	0
Kvon2014_chr2L_20085616_20087743	off	1.172734472	0	0	0	0	0	0	0
Kvon2014_chr2L_20681331_20681873	off	0	0	0	0	0	0	0	0
Kvon2014_chr2L_20689469_20690316	off	0	0	0	0	0	0	0	0
Kvon2014_chr2L_20690391_20692503	off	0	0	0	0	0	0	0	0
Kvon2014_chr2L_20692130_20694229	off	0	0	0	0	0	0	0	0
Kvon2014_chr2L_20693831_20696028	off	0	0	0	0	0	0	0	0
Kvon2014_chr2L_20695562_20697632	off	0	0	0	0	0	0	0	0
Kvon2014_chr2L_20697287_20699406	off	0	0	0	0	0	0	0	0
Kvon2014_chr2L_20702384_20704509	off	0	0	0	0	0	0	0	0
Kvon2014_chr2L_20704096_20706214	off	0.356449274	0	0	0	0	0	0	0
Kvon2014_chr2L_20705867_20707962	off	0.356449274	0	0	0	0	0	0	0
Kvon2014_chr2L_20707544_20709631	off	0	0	0	0	0	0	0	0
Kvon2014_chr2L_20711013_20713096	off	0	0	0	0	0	0	0	0
Kvon2014_chr2L_20713390_20714564	off	0.661381632	0	0	0	0	0	0	0
Kvon2014_chr2L_20719332_20721423	off	0.936091329	0	0	0.596186691	0	0	0	0
Kvon2014_chr2L_20770730_20771165	off	7.28874396	1.009437561	1.000498828	3.131568699	0.6657538414	3.7979521751	3.2058734894	6.8438768386
Kvon2014_chr2L_20771787_20774066	off	6.660785269	0	0	3.131568699	0	2.4993076324	0	0
Kvon2014_chr2L_20773429_20775566	off	6.660785269	0	0	3.131568699	0	2.4993076324	0	0
Kvon2014_chr2L_20776603_20778724	off	3.393623518	0	0	2.038970891	0	2.0601511002	0	0
Kvon2014_chr2L_20778176_20780290	off	3.393623518	0	0	2.038970891	0	0	0	0
Kvon2014_chr2L_20779744_20781898	off	2.938598455	0	0.558071102	2.038970891	0	0	0	0
Kvon2014_chr2L_20787549_20788489	off	1.61247218	0	0	0.80901736	0	0	0	0
Kvon2014_chr2L_20897898_20900023	off	0	0	0	0	0	0	0	0
Kvon2014_chr2L_18031_20238	on	0.887657859	0	0	0	0	0	0	0
Kvon2014_chr2L_250756_251202	on	6.343713564	0	0	3.67500322	0	0	0	0
Kvon2014_chr2R_2583575_2585628	on	2.460089403	0	0	0.96057286	0	0	0	0
Kvon2014_chr2R_16474936_16477141	on	3.702630818	0.8041715622	0	0.745862961	0	1.5264592171	0	0.7313308716
Kvon2014_chr2R_20288714_20290291	on	2.941279889	0	0	0.983228207	0	0	0	2.491522789
Kvon2014_chr3L_542461_544728	on	3.339825593	1.0013260841	0	0.893481509	0	2.295996666	2.2624211311	0.8517799377
Kvon2014_chr3L_16106157_16107712	on	6.529619545	4.1341161728	2.148363948	1.941480696	1.7516117096	1.9948301315	0	1.9931869507
Kvon2014_chr3R_736192_738402	on	6.77990511	3.1161723137	2.705535561	1.982050001	0	0	0	0
Kvon2014_chr3R_17201451_17203140	on	6.117614785	2.927873373	0	3.555805638	0	1.6322646141	0	1.52542305
Kvon2014_chr3R_17466334_17468421	on	8.571814419	2.5807929039	0.638834447	4.910456601	0	2.1948308945	2.172180891	2.9821918011
Kvon2014_chr3R_25828585_25830778	on	3.276609527	0.7224407196	0	1.873918904	0	0	0	0
Kvon2014_chr3R_25864610_25865806	on	8.921329134	0	2.190496333	4.653874229	0	0	0	0
Kvon2014_chrX_18029558_18031730	on	2.121027901	0	0	0.849679216	0	0	0	0
Kvon2014_chrX_19636808_19638944	on	1.739538252	1.224003315	0	0.583955884	0	0	0	0
Kvon2014_chr2L_16349327_16351503	on	4.304120508	0	0	2.177245528	0	0	0	3.9269237519
Kvon2014_chr2L_16836_18924	on	1.293021048	0	0	0	0	0	0	0
Kvon2014_chr2L_2752765_2754884	on	5.752418507	3.6002893448	0	3.14846664	1.9524536132	1.8757286072	0	2.97174263
Kvon2014_chr2R_9109456_9111773	on	9.056475543	1.9577102661	2.520279854	4.089687758	0	0	0	2.2688522339
Kvon2014_chr2R_10060721_10062851	on	4.265621781	3.1530160904	0	1.819395661	0	1.9576129913	0	0
Kvon2014_chr3R_12075311_12077425	on	8.207386213	1.3988542557	0.95772617	3.901486842	2.5473046303	2.3310937881	3.1582202911	3.0301809311
Kvon2014_chr2L_10388040_10390080	on	3.265729651	0	0	1.739431745	0	1.6358880997	0	0
Kvon2014_chrX_3673654_3676071	on	5.040397083	2.237200737	0	2.229477995	0	0	0	2.680560112
Kvon2014_chrX_4833051_4835256	on	7.022676493	2.9377851486	2.318097002	2.000994065	0	2.0248885155	2.2798023224	2.2501926422
Kvon2014_chr3R_9737272_9739395	on	5.802118428	0.9312934875	0.874985504	3.439183044	1.9210100174	0	2.6265354156	1.9060792923
Kvon2014_chr3R_9737272_9739395	on	5.802118428	0.9312934875	0.874985504	3.439183044	1.9210100174	0	2.6265354156	1.9060792923
Kvon2014_chr3R_9737272_9739395	on	5.802118428	0.9312934875	0.874985504	3.439183044	1.9210100174	0	2.6265354156	1.9060792923
Kvon2014_chr2R_3936099_3938380	on	3.816947712	0	0	1.932281998	2.4847192764	0	0	1.0535178185
Kvon2014_chr2R_4134452_4136542	on	7.145879212	3.6269817352	2.991128276	2.235120437	0	3.6917743683	4.0342936516	6.0401687622
Kvon2014_chr2R_4524687_4526814	on	3.65233152	2.2522761822	0	2.45143795	0	0	0	0.5573263168
Kvon2014_chr2R_21078259_21080335	on	1.322572768	0	0	0.843915999	0	0	0	0
Kvon2014_chr3R_12783420_12785609	on	6.606224144	0	0	3.880474006	0	0	0	0
Kvon2014_chr3R_17968311_17970547	on	2.65984698	0	0	2.274286181	0	0	0	0
Kvon2014_chr3R_18703162_18705280	on	5.221756364	5.4964523316	0.865585103	3.823968332	0	2.1621332169	1.8426651955	0
Kvon2014_chr3R_20346869_20348344	on	0.473567843	0	0	0	0	0	0	0
Kvon2014_chr3R_12747382_12749489	on	8.771819144	4.4110269546	0	6.215073525	1.271343708	4.6415529251	3.5898003578	2.1090216636
Kvon2014_chr3R_12726430_12728642	on	4.490646481	0	0	2.039192259	0	2.1077923775	0	2.8489632606
Kvon2014_chr3R_12726430_12728642	on	4.490646481	0	0	2.039192259	0	2.1077923775	0	2.8489632606
Kvon2014_chr2R_4134452_4136542	on	7.145879212	3.6269817352	2.991128276	2.235120437	0	3.6917743683	4.0342936516	6.0401687622
Kvon2014_chr2R_4524687_4526814	on	3.65233152	2.2522761822	0	2.45143795	0	0	0	0.5573263168
Kvon2014_chr3R_12726430_12728642	on	4.490646481	0	0	2.039192259	0	2.1077923775	0	2.8489632606
Kvon2014_chrX_16113737_16115852	on	4.842922151	2.3856754303	0.875609636	1.990513802	0	3.04845047	3.7098698616	0.6422967911
Kvon2014_chr2R_7078363_7080511	on	7.915423814	3.2618453503	2.753141459	2.673884616	3.7419977188	3.0365710258	3.0869951248	1.6647224426
Kvon2014_chr3L_21338946_21341219	on	5.558293045	2.8087568283	0.745611012	2.204967916	2.0483384132	2.01649189	1.7529411316	2.620320797
Kvon2014_chr3L_21338946_21341219	on	5.558293045	2.8087568283	0.745611012	2.204967916	2.0483384132	2.01649189	1.7529411316	2.620320797
Kvon2014_chr2R_11016930_11019079	on	6.802638119	1.9356031417	1.633853183	2.424588372	0	2.3595495224	0	3.4024443626
Kvon2014_chr3R_16776112_16778334	on	2.835838869	0	0	1.388868014	2.0137963295	1.8584356308	2.541809082	0
Kvon2014_chr2L_598791_601002	on	5.56445621	0	0	2.732093304	3.5880241394	0	0	2.2326617241
Kvon2014_chr2L_1956400_1958532	on	4.71123173	3.081401825	0.656221807	2.620386485	3.7931571007	0	2.3725743294	3.1258773804
Kvon2014_chr2L_2180633_2182789	on	5.506885678	0	0.733337969	2.667411208	0	0	1.9260697365	0.9164452553
Kvon2014_chr2L_2391160_2393260	on	0	0	0	0	0	0	0	0
Kvon2014_chr2R_2710269_2712415	on	0.553598046	0	0	0.553598046	0	0	0	0
Kvon2014_chr2R_4502548_4504339	on	1.598488639	0	0	0.554003631	0	0	0	0
Kvon2014_chr2R_5807050_5809292	on	0	0	0	0	0	0	0	0
Kvon2014_chr2R_7069850_7071967	on	5.705861013	0.7157402039	0	3.787161212	0	1.6059322357	0	0
Kvon2014_chr2R_16327602_16329798	on	0.645542526	0	0	0.645542526	0	0	0	0
Kvon2014_chr2R_20956501_20958679	on	0.880983349	1.9980287552	0	0.507922113	1.8717637062	0	1.6223211288	0
Kvon2014_chr3L_5675341_5677549	on	0	0	0	0	0	0	0	0
Kvon2014_chr3L_5967013_5969118	on	6.962372023	1.4316444397	0	4.41626072	0.8343553543	1.9352035522	0	0.7088937759
Kvon2014_chr3L_12283281_12285560	on	0	0	0	0	0	0	0	0
Kvon2014_chr3L_13400881_13403078	on	5.467977971	5.4933569431	0.932000399	2.533660859	0	1.7332253456	1.7578873634	3.1970291138
Kvon2014_chr3R_177099_179292	on	2.647189929	2.4167385101	0	1.90516935	2.1231350899	0	2.4123439789	0.6927623749
Kvon2014_chr3R_1546647_1548740	on	4.172290732	4.8659524917	0.949901407	3.222389325	0.7800745964	0	2.2001962662	0.8589735031
Kvon2014_chr3R_2958220_2960027	on	0.413989438	0	0	0	0	0	0	0
Kvon2014_chr3R_7226197_7228314	on	0	0	0	0	0	0	0	0
Kvon2014_chr3R_9735416_9737658	on	6.624226485	0.9312934875	1.697093561	3.439183044	1.9210100174	0	2.6265354156	1.9060792923
Kvon2014_chr3R_17469856_17471988	on	8.712642385	4.4641942978	0.779662413	4.910456601	2.2442359924	2.2197947502	2.8343997002	2.6196928024
Kvon2014_chr3R_17980445_17982647	on	6.280382991	0	0	4.686258048	0	0	0	0
Kvon2014_chr3R_19169758_19171858	on	9.372446288	3.507768631	1.666225942	5.571828337	1.6059675217	1.877117157	0	4.6019434928
Kvon2014_chr3R_21004815_21006912	on	8.347537567	4.2983083725	0.66545698	4.517587662	1.1680340767	0	0	0
Kvon2014_chr3R_25088511_25090669	on	6.77214484	2.7979588509	2.110905828	3.059112533	1.7499103546	2.1428728104	2.6214761734	1.8088026047
Kvon2014_chr3R_25491743_25493750	on	2.189254298	0	0.577524735	0.870174289	0	0	0	0
Kvon2014_chr2L_9833847_9835941	on	0	0	0	0	0	0	0	0
Kvon2014_chr4_618024_619219	on	0.473091549	0	0	0	0	0	0	0
Kvon2014_chrX_273823_275941	on	3.931530131	3.4136381149	0	3.033832907	2.5056447982	1.631919384	3.6532711982	3.767440319
Kvon2014_chrX_4092742_4094855	on	3.152345594	0	0.653742154	0.904920006	0	0	0	0
Kvon2014_chrX_4935057_4937167	on	0.728907235	0	0	0	0	0	1.8007760048	0
Kvon2014_chrX_4945256_4947456	on	3.680403643	0.9319667816	0.637166847	0.501138051	0	0	0	2.6704931259
Kvon2014_chrX_8567054_8569198	on	3.614254776	0	0	1.20551607	0	0	0	0
Kvon2014_chrX_8667997_8670179	on	2.993327914	0.9778785706	0	1.461765003	1.4842994213	0	0	2.7952136994
Kvon2014_chrX_9125521_9126398	on	1.194557639	0	0	0.813204317	0	0	0	0
Kvon2014_chrX_19783001_19785201	on	3.607725892	0.9832549095	0	2.197661195	0	0	0	0
Kvon2014_chr2L_26520_27246	on	6.710966364	2.2874085903	0.98969409	3.76272945	0	2.2931604385	3.0318841934	4.9947314263
Kvon2014_chr2R_4540373_4542622	on	6.886185432	0	1.438777719	2.651995786	1.721968174	2.4075622559	2.2045168877	4.0203824043
Kvon2014_chr3L_17003868_17006065	on	7.547045461	3.7229542732	2.061499774	2.978785298	2.2382178307	0	0	2.6363277435
Kvon2014_chr3L_20020757_20022022	on	0.532216072	0	0	0	0	0	0	0
Kvon2014_chr3R_26680055_26682153	on	11.61633923	2.1147880554	2.576877874	7.118537229	4.3503880501	0	2.8635406494	2.2212619782
Kvon2014_chrX_4349845_4351967	on	1.473722807	0	0	0.547346857	2.4333224297	0	0	0
Kvon2014_chrX_8536076_8538179	on	3.412165679	0	0	1.919481474	3.3220777512	0	2.0374212265	0
Kvon2014_chrX_8546539_8548888	on	8.381557071	6.3478355408	2.962868129	2.311612213	3.7210998535	3.0885772705	2.8837380409	4.0987479687
Kvon2014_chr3R_12076924_12079107	on	8.207386213	1.3988542557	0.95772617	3.901486842	2.5473046303	2.3310937881	3.1582202911	1.4839496613
Kvon2014_chr3L_5317129_5319247	on	0	0	0	0	0	0	0	0
Kvon2014_chr2R_16131749_16132929	on	2.731477968	0	0.602301373	0.83984504	0.7613096237	0	0	0
Kvon2014_chr3R_17978799_17980887	on	8.223568797	2.7166767121	1.943185806	4.686258048	2.9693288803	2.1504812241	3.0148272514	1.9966592789
Kvon2014_chr3R_17978799_17980887	on	8.223568797	2.7166767121	1.943185806	4.686258048	2.9693288803	2.1504812241	3.0148272514	1.9966592789
Kvon2014_chr3R_17978799_17980887	on	8.223568797	2.7166767121	1.943185806	4.686258048	2.9693288803	2.1504812241	3.0148272514	1.9966592789
Kvon2014_chr2L_8841573_8843738	on	13.383448624	1.5043067932	4.55700167	5.755300466	2.2607588768	2.8272533417	2.3756914139	4.1619017124
Kvon2014_chr2L_8841573_8843738	on	13.383448624	1.5043067932	4.55700167	5.755300466	2.2607588768	2.8272533417	2.3756914139	4.1619017124
Kvon2014_chr2L_8841573_8843738	on	13.383448624	1.5043067932	4.55700167	5.755300466	2.2607588768	2.8272533417	2.3756914139	4.1619017124
Kvon2014_chr3L_21338946_21341219	on	5.558293045	2.8087568283	0.745611012	2.204967916	2.0483384132	2.01649189	1.7529411316	2.620320797
Kvon2014_chr2R_11016930_11019079	on	6.802638119	1.9356031417	1.633853183	2.424588372	0	2.3595495224	0	3.4024443626
Kvon2014_chr3R_16776112_16778334	on	2.835838869	0	0	1.388868014	2.0137963295	1.8584356308	2.541809082	0
Kvon2014_chr3R_12076924_12079107	on	8.207386213	1.3988542557	0.95772617	3.901486842	2.5473046303	2.3310937881	3.1582202911	1.4839496613
Kvon2014_chr3L_5317129_5319247	on	0	0	0	0	0	0	0	0
Kvon2014_chr2R_16131749_16132929	on	2.731477968	0	0.602301373	0.83984504	0.7613096237	0	0	0
Kvon2014_chr3R_17978799_17980887	on	8.223568797	2.7166767121	1.943185806	4.686258048	2.9693288803	2.1504812241	3.0148272514	1.9966592789
Kvon2014_chr2L_8831294_8833463	on	9.418242861	0.8240828514	4.3502365	3.12065276	3.1266770363	2.7547359467	2.7526283264	2.5482091904
Kvon2014_chr2L_8841573_8843738	on	13.383448624	1.5043067932	4.55700167	5.755300466	2.2607588768	2.8272533417	2.3756914139	4.1619017124
Kvon2014_chr2R_4941835_4944082	on	1.540747448	0	0	1.117774709	1.1709308624	0	0	2.8090229034
Kvon2014_chr2R_14998559_15000822	on	0	0	0	0	0	0	0	0
Kvon2014_chr2R_15489224_15491305	on	0	0	0	0	0	0	0	0
Kvon2014_chr2R_20730821_20733011	on	5.522858794	4.0688719749	0	3.739516671	0	0	1.9468955994	1.0310072899
Kvon2014_chr3L_2746367_2748504	on	0.545625001	0	0	0	0	0	0	0
Kvon2014_chr3L_5218718_5220861	on	0	0	0	0	0	0	0	0
Kvon2014_chr3L_11227809_11228560	on	1.648214728	0	0	1.648214728	0	0	0	0
Kvon2014_chr3LHet_212650_214727	on	0	0	0	0	0	0	0	0
Kvon2014_chr3R_6427346_6429468	on	8.425015632	0	0.568200384	5.54065451	1.503297329	0	0	2.3087453842
Kvon2014_chr3R_9999142_10001340	on	0	0	0	0	0	0	0	0
Kvon2014_chr3R_17365174_17367270	on	0	0	0	0	0	0	0	0
Kvon2014_chr3R_20995463_20996763	on	8.989743597	0	1.218554272	5.493568869	3.4351992607	0	3.5316939354	0
Kvon2014_chr3R_21456236_21458310	on	7.503804735	2.396306038	1.256815658	4.259768874	3.4624123573	1.7893042564	2.6402568817	4.1356086731
Kvon2014_chr3R_24398429_24400616	on	4.914538987	0	0	3.808619912	2.194820404	0	0	0
Kvon2014_chrX_333109_335283	on	0	0	0	0	0	0	0	0
Kvon2014_chrX_9630797_9632904	on	1.489466809	0	0	1.055392534	0.7449812889	0	0	1.5059485435
Kvon2014_chrX_16045717_16047944	on	5.282197237	0	0	1.604058951	0	0	0	0
Kvon2014_chr2L_12669220_12671417	on	3.93121805	2.8538379669	0.564030788	2.354524076	0	0	2.4712381363	2.074710846
Kvon2014_chr2L_14440355_14442469	on	8.674594551	4.3859033584	0	6.641803056	0	3.9734358788	3.1967859268	1.3427553177
Kvon2014_chr2L_15202597_15204696	on	0	0	0	0	0	0	0	0
Kvon2014_chr2L_19110057_19112100	on	0.433358049	0	0	0	0	0	0	0
Kvon2014_chr2R_1586650_1587624	on	1.202865779	0	0	0	0	0	0	0
Kvon2014_chr2R_4529759_4531908	on	4.494446684	2.5389957428	0.842115164	2.45143795	1.9502944946	1.4961557388	0	2.4326896667
Kvon2014_chr3L_12669013_12671112	on	8.528079259	1.1766774654	0.681121707	6.862400512	1.147799015	1.5230507851	2.4561200142	0
Kvon2014_chrX_2328024_2330141	on	5.392382814	4.4788122177	0.603818192	2.243278503	3.2866940499	0	4.7707109451	3.6529216766
Kvon2014_chr2R_13690317_13692404	on	11.15798494	0.9472472668	5.891897492	1.842031703	1.559885025	2.8064124584	0	3.7139730454
Kvon2014_chr3L_8652598_8654858	on	1.85466242	1.2431473732	0	1.338009864	0	0	0	0
Kvon2014_chr3R_25889186_25891462	on	1.544967635	0	0	1.058746709	0	0	0	0
Kvon2014_chr3R_19020878_19022997	on	7.022528994	0	2.113407521	2.597067048	3.5673484802	1.7290315628	2.2398104668	4.3562870026
Kvon2014_chr2R_13690317_13692404	on	11.15798494	0.9472472668	5.891897492	1.842031703	1.559885025	2.8064124584	0	3.7139730454
Kvon2014_chr3R_16540229_16542746	on	1.876042544	0	0	1.231723935	0	0	0	0
Kvon2014_chr3L_8652598_8654858	on	1.85466242	1.2431473732	0	1.338009864	0	0	0	0
Kvon2014_chr3R_25889186_25891462	on	1.544967635	0	0	1.058746709	0	0	0	0
Kvon2014_chr3R_19020878_19022997	on	7.022528994	0	2.113407521	2.597067048	3.5673484802	1.7290315628	2.2398104668	4.3562870026
Kvon2014_chr2L_20967302_20969446	on	3.612188398	0	0	2.313745677	0	0	0	0
Kvon2014_chr2R_2499708_2501858	on	4.925239108	2.4241080284	0.702657759	1.743160814	0	1.7706458569	1.9455704689	3.998112917
Kvon2014_chr2L_4828491_4829484	on	1.080578861	0	0	0	0	0	0	0
Kvon2014_chr3L_7266468_7267659	on	0	0	0	0	0	0	0	0
Kvon2014_chr3L_7849411_7851629	on	1.334905475	0	0	0	0	0	0	0
Kvon2014_chr3L_18831969_18834169	on	3.762281567	1.1425580978	0	2.13001959	0	0	0	0
Kvon2014_chr3R_11465500_11467714	on	4.254339343	0	0	3.83907924	0	0	0	0
Kvon2014_chr3R_15159101_15161276	on	12.35683279	2.0409135819	1.23339476	8.370931043	0	3.3222904205	2.0480952263	2.2076134682
Kvon2014_chr3R_15160880_15162972	on	5.638190406	2.0409135819	0.617332882	3.91847585	0	3.3222904205	2.0480952263	2.2076134682
Kvon2014_chrX_5712623_5714757	on	0.392625809	0	0	0	0	0	0	0
Kvon2014_chr2L_13461810_13463910	on	0.603879015	0	0	0.603879015	0	0	0	0
Kvon2014_chr2R_21098786_21100962	on	1.0237613	0	0	1.0237613	0	0	0	1.7447700501
Kvon2014_chr3L_7935566_7937669	on	0	0	0	0	0	0	0	0
Kvon2014_chr3R_24412727_24414867	on	10.405569341	6.2340714932	1.000677019	6.619741675	0	3.2108402252	2.219979763	0
Kvon2014_chr2R_19464331_19466551	on	4.400779332	1.4067821503	0	1.310176457	0.6710586548	1.8043985367	2.1368756294	0.7405281067
Kvon2014_chrX_2688279_2690538	on	0	0	0	0	0	0	0	0
Kvon2014_chr3R_24414156_24416299	on	5.776116546	3.1165549755	0	2.990965899	0	3.2108402252	0	0
Kvon2014_chr2R_11488116_11490255	on	1.00885886	0	0	0	0	0	0	0
Kvon2014_chr2R_19464331_19466551	on	4.400779332	1.4067821503	0	1.310176457	0.6710586548	1.8043985367	2.1368756294	0.7405281067
Kvon2014_chr3L_1167709_1169803	on	4.462504745	0	0	2.742284745	0	1.987388134	0	0.8164668083
Kvon2014_chrX_2688279_2690538	on	0	0	0	0	0	0	0	0
Kvon2014_chr2R_4537049_4539309	on	4.766452712	3.5422234535	0	1.971040785	0	0	0	0
Kvon2014_chr2R_5821284_5823462	on	6.059420629	0	0.566899805	4.797726337	0	0	0	0
Kvon2014_chr3L_918655_920745	on	0	0	0	0	0	0	0	0
Kvon2014_chr3L_9796953_9797904	on	3.842683851	0	0	2.502215683	0	0	0	0
Kvon2014_chr3L_20396551_20398733	on	10.797393154	2.8766145706	3.908576573	3.666163557	3.7598619461	4.8864202499	4.5192923545	7.9996857642
Kvon2014_chr3R_10542399_10544607	on	9.3882067	0	0.538151489	6.209414363	0	1.8997616768	0	0
Kvon2014_chr3R_26594672_26596745	on	4.619788134	0	0	3.875188828	0	0	0	0
Kvon2014_chr2R_18935617_18937915	on	5.599057832	2.1560268402	0	3.157357552	0	2.1424751282	0	2.4002923966
Kvon2014_chr3L_9797330_9797598	on	3.842683851	0	0	2.502215683	0	0	0	0
Kvon2014_chr3L_14249880_14252056	on	0	0	0	0	0	0	0	0
Kvon2014_chr2L_17748587_17750842	on	12.832457374	0	0	9.81289795	0	2.5979971886	0	0
Kvon2014_chr2R_18937404_18939496	on	5.599057832	2.1560268402	0	3.157357552	0	2.1424751282	0	2.4002923966
Kvon2014_chrX_14636760_14638874	on	3.981708288	0	0	2.825203955	0	0	0	1.1539998055
Kvon2014_chr3R_19167877_19170074	on	8.751655747	2.4174757004	1.045435401	5.571828337	0	0	0	2.112958908
Kvon2014_chrX_14636760_14638874	on	3.981708288	0	0	2.825203955	0	0	0	1.1539998055
Kvon2014_chr3R_19167877_19170074	on	8.751655747	2.4174757004	1.045435401	5.571828337	0	0	0	2.112958908
Kvon2014_chr2R_5817792_5819902	on	4.182334354	0	0	2.976182111	0	0	0	0
Kvon2014_chr2R_14899853_14901945	on	0	0	0	0	0	0	0	0
Kvon2014_chr2R_20163256_20165354	on	5.256086455	3.1770429611	0.582350612	2.873861201	0	1.6315836906	0	0
Kvon2014_chr2L_15480181_15482932	on	17.231609643	0	6.286827052	8.516450977	2.4068827629	2.6142411232	2.472032547	5.5488591194
Kvon2014_chr2L_17753976_17756084	on	3.977492332	0	0	2.284265686	0	0	0	0
Kvon2014_chr3R_8473805_8476580	on	8.146668059	3.5146832466	0	5.920025005	0.6353287697	3.1376342773	2.0337724686	0.6536364555
Kvon2014_chr3R_8473805_8476580	on	8.146668059	3.5146832466	0	5.920025005	0.6353287697	3.1376342773	2.0337724686	0.6536364555
Kvon2014_chr2R_14961789_14964013	on	2.02968115	0	0	2.02968115	0	0	0	0
Kvon2014_chr2L_3820069_3822166	on	8.923797109	2.5722570419	0.763907601	4.678409583	2.3643693924	2.9986009598	1.9991455078	4.2161867619
Kvon2014_chr3R_4969149_4971389	on	3.2580017	0.9797239304	0	2.849748221	0	0	0	0
Kvon2014_chr3R_11811918_11814017	on	9.771605266	7.8167512416	2.140735715	5.068835393	0	2.730717659	3.3558526039	0
Kvon2014_chr3R_13161954_13164061	on	0	0	0	0	0	0	0	0
Kvon2014_chr2L_8843345_8845442	on	9.756277614	0	1.625494427	5.059636699	0	3.5525808334	0	4.6953802109
Kvon2014_chr3R_21282570_21284690	on	6.23049535	2.5102443695	0.602899339	4.84040764	0	0	0	0
Kvon2014_chr2L_9581706_9584274	on	6.711240965	6.6800303458	0	4.644987022	2.1271533966	0	2.2509641647	1.6255636215
Kvon2014_chrX_2329552_2331768	on	4.788564622	4.4788122177	0	2.243278503	8.5740566254	0	8.0766563415	2.7569015026
Kvon2014_chr2L_8839795_8842046	on	13.383448624	1.5043067932	4.55700167	5.755300466	2.2607588768	2.8272533417	2.3756914139	4.1619017124
Kvon2014_chr2L_8839795_8842046	on	13.383448624	1.5043067932	4.55700167	5.755300466	2.2607588768	2.8272533417	2.3756914139	4.1619017124
Kvon2014_chr2L_8839795_8842046	on	13.383448624	1.5043067932	4.55700167	5.755300466	2.2607588768	2.8272533417	2.3756914139	4.1619017124
Kvon2014_chr3L_5404605_5406827	on	0	0	0	0	0	0	0	0
Kvon2014_chr2L_5628723_5630872	on	4.233810817	0	0	4.233810817	0	0	0	0
